month,total,BEV,PHEV,HEV,PETROL,DIESEL,ETHANOL,GAS,OTHER,bev_share,phev_share,plugin_share,hev_share,petrol_share,diesel_share,private_total,private_bev_share,post_bonus_end,pull_forward_window
2006-01-01,19173,2,0,216,13617,3521,1646,168,3,0.0001,0.0,0.0001,0.01127,0.71022,0.18364,,,0,0
2006-02-01,20326,0,0,163,14687,3444,1798,234,0,0.0,0.0,0.0,0.00802,0.72257,0.16944,,,0,0
2006-03-01,28007,0,0,214,19609,4764,3165,254,1,0.0,0.0,0.0,0.00764,0.70015,0.1701,,,0,0
2006-04-01,28751,0,0,239,21439,4598,2105,370,0,0.0,0.0,0.0,0.00831,0.74568,0.15992,,,0,0
2006-05-01,32556,0,0,260,24117,5168,2481,530,0,0.0,0.0,0.0,0.00799,0.74079,0.15874,,,0,0
2006-06-01,31662,0,0,307,23148,5340,2469,398,0,0.0,0.0,0.0,0.0097,0.7311,0.16866,,,0,0
2006-07-01,21791,0,0,224,15593,4089,1686,198,1,0.0,0.0,0.0,0.01028,0.71557,0.18765,,,0,0
2006-08-01,24667,0,0,277,17504,4619,2086,181,0,0.0,0.0,0.0,0.01123,0.70961,0.18725,,,0,0
2006-09-01,27242,0,0,293,19129,5438,2061,319,2,0.0,0.0,0.0,0.01076,0.70219,0.19962,,,0,0
2006-10-01,26796,0,0,166,18271,6176,1819,361,3,0.0,0.0,0.0,0.00619,0.68186,0.23048,,,0,0
2006-11-01,27169,0,0,256,17054,7046,2465,348,0,0.0,0.0,0.0,0.00942,0.6277,0.25934,,,0,0
2006-12-01,25672,0,0,236,15834,7000,2337,265,0,0.0,0.0,0.0,0.00919,0.61678,0.27267,,,0,0
2007-01-01,22865,0,0,287,13521,6965,1891,200,1,0.0,0.0,0.0,0.01255,0.59134,0.30461,,,0,0
2007-02-01,22471,0,0,243,13479,6615,1965,169,0,0.0,0.0,0.0,0.01081,0.59984,0.29438,,,0,0
2007-03-01,30599,0,0,280,19340,8418,2361,200,0,0.0,0.0,0.0,0.00915,0.63205,0.27511,,,0,0
2007-04-01,30533,0,0,286,19362,8269,2464,152,0,0.0,0.0,0.0,0.00937,0.63413,0.27082,,,0,0
2007-05-01,33526,0,0,351,20085,9492,3429,168,1,0.0,0.0,0.0,0.01047,0.59909,0.28312,,,0,0
2007-06-01,30430,0,0,313,17837,8877,3155,247,1,0.0,0.0,0.0,0.01029,0.58616,0.29172,,,0,0
2007-07-01,23399,0,0,256,13520,6979,2508,136,0,0.0,0.0,0.0,0.01094,0.5778,0.29826,,,0,0
2007-08-01,26063,1,0,319,14772,8630,2229,111,1,4e-05,0.0,4e-05,0.01224,0.56678,0.33112,,,0,0
2007-09-01,26186,0,0,255,14276,8803,2756,96,0,0.0,0.0,0.0,0.00974,0.54518,0.33617,,,0,0
2007-10-01,31315,0,0,243,15476,11332,4183,80,1,0.0,0.0,0.0,0.00776,0.4942,0.36187,,,0,0
2007-11-01,29681,0,0,261,12810,12240,4251,119,0,0.0,0.0,0.0,0.00879,0.43159,0.41239,,,0,0
2007-12-01,31470,1,0,300,9823,16944,4321,81,0,3e-05,0.0,3e-05,0.00953,0.31214,0.53842,,,0,0
2008-01-01,19343,0,0,307,8977,5292,4677,90,0,0.0,0.0,0.0,0.01587,0.4641,0.27359,,,0,0
2008-02-01,22898,0,0,363,9634,8221,4595,85,0,0.0,0.0,0.0,0.01585,0.42074,0.35903,,,0,0
2008-03-01,24980,0,0,316,11105,9180,4317,62,0,0.0,0.0,0.0,0.01265,0.44456,0.36749,,,0,0
2008-04-01,30198,0,0,451,13284,11334,5032,97,0,0.0,0.0,0.0,0.01493,0.4399,0.37532,,,0,0
2008-05-01,29129,1,0,435,12672,10458,5477,85,1,3e-05,0.0,3e-05,0.01493,0.43503,0.35902,,,0,0
2008-06-01,26043,0,0,340,10656,9024,5948,74,1,0.0,0.0,0.0,0.01306,0.40917,0.3465,,,0,0
2008-07-01,19203,0,0,297,8504,6673,3680,47,2,0.0,0.0,0.0,0.01547,0.44285,0.3475,,,0,0
2008-08-01,19852,0,0,352,8558,6923,3940,79,0,0.0,0.0,0.0,0.01773,0.43109,0.34873,,,0,0
2008-09-01,24634,0,0,376,9584,8407,6080,187,0,0.0,0.0,0.0,0.01526,0.38906,0.34128,,,0,0
2008-10-01,23866,0,0,307,8668,8275,6431,184,1,0.0,0.0,0.0,0.01286,0.36319,0.34673,,,0,0
2008-11-01,18276,0,0,279,6736,6504,4565,192,0,0.0,0.0,0.0,0.01527,0.36857,0.35588,,,0,0
2008-12-01,17922,0,0,423,6137,6874,4282,205,1,0.0,0.0,0.0,0.0236,0.34243,0.38355,,,0,0
2009-01-01,12371,2,0,148,4872,4852,2378,119,0,0.00016,0.0,0.00016,0.01196,0.39382,0.39221,,,0,0
2009-02-01,15508,2,0,127,6244,5911,3069,154,1,0.00013,0.0,0.00013,0.00819,0.40263,0.38116,,,0,0
2009-03-01,19225,6,0,143,7636,7125,3997,317,1,0.00031,0.0,0.00031,0.00744,0.39719,0.37061,,,0,0
2009-04-01,19983,0,0,184,7931,7527,3854,486,1,0.0,0.0,0.0,0.00921,0.39689,0.37667,,,0,0
2009-05-01,19760,5,0,155,7646,6748,4663,541,2,0.00025,0.0,0.00025,0.00784,0.38694,0.3415,,,0,0
2009-06-01,24141,3,0,261,9334,9030,4861,651,1,0.00012,0.0,0.00012,0.01081,0.38665,0.37405,,,0,0
2009-07-01,15913,2,0,148,6459,6340,2341,623,0,0.00013,0.0,0.00013,0.0093,0.40589,0.39842,,,0,0
2009-08-01,16723,3,0,279,6218,6583,2915,725,0,0.00018,0.0,0.00018,0.01668,0.37182,0.39365,,,0,0
2009-09-01,20793,1,0,514,7703,8603,3220,749,3,5e-05,0.0,5e-05,0.02472,0.37046,0.41375,,,0,0
2009-10-01,22811,2,0,456,8674,9984,3052,642,1,9e-05,0.0,9e-05,0.01999,0.38026,0.43768,,,0,0
2009-11-01,21185,2,0,358,8235,9021,3063,503,3,9e-05,0.0,9e-05,0.0169,0.38872,0.42582,,,0,0
2009-12-01,20115,1,0,312,6974,9459,2752,615,2,5e-05,0.0,5e-05,0.01551,0.34671,0.47025,,,0,0
2010-01-01,16352,1,0,281,5876,7270,2359,561,4,6e-05,0.0,6e-05,0.01718,0.35934,0.44459,,,0,0
2010-02-01,18902,0,0,258,6012,9329,2633,670,0,0.0,0.0,0.0,0.01365,0.31806,0.49355,,,0,0
2010-03-01,27331,1,0,438,10201,13018,3053,616,4,4e-05,0.0,4e-05,0.01603,0.37324,0.47631,,,0,0
2010-04-01,27771,1,0,334,10457,13255,3094,630,0,4e-05,0.0,4e-05,0.01203,0.37654,0.4773,,,0,0
2010-05-01,27275,0,0,325,10489,12561,3297,601,2,0.0,0.0,0.0,0.01192,0.38456,0.46053,,,0,0
2010-06-01,31039,1,0,273,11517,15028,3513,705,2,3e-05,0.0,3e-05,0.0088,0.37105,0.48417,,,0,0
2010-07-01,22005,0,0,152,8342,10887,2050,573,1,0.0,0.0,0.0,0.00691,0.3791,0.49475,,,0,0
2010-08-01,24074,1,0,277,9017,11695,2451,629,4,4e-05,0.0,4e-05,0.01151,0.37455,0.48579,,,0,0
2010-09-01,27573,0,0,363,9704,13998,2961,547,0,0.0,0.0,0.0,0.01317,0.35194,0.50767,,,0,0
2010-10-01,27725,3,0,366,8973,14729,3098,555,1,0.00011,0.0,0.00011,0.0132,0.32364,0.53125,,,0,0
2010-11-01,28083,0,0,353,8888,15027,3330,484,1,0.0,0.0,0.0,0.01257,0.31649,0.53509,,,0,0
2010-12-01,30604,3,0,300,8752,17485,3626,434,4,0.0001,0.0,0.0001,0.0098,0.28598,0.57133,,,0,0
2011-01-01,20453,3,0,238,6835,12281,817,275,4,0.00015,0.0,0.00015,0.01164,0.33418,0.60045,,,0,0
2011-02-01,22214,29,0,250,7128,13524,973,308,2,0.00131,0.0,0.00131,0.01125,0.32088,0.60881,,,0,0
2011-03-01,31642,36,0,374,10963,18311,1387,569,2,0.00114,0.0,0.00114,0.01182,0.34647,0.57869,,,0,0
2011-04-01,31132,23,0,336,10748,17958,1539,525,3,0.00074,0.0,0.00074,0.01079,0.34524,0.57683,,,0,0
2011-05-01,33466,40,0,300,11277,19373,1709,767,0,0.0012,0.0,0.0012,0.00896,0.33697,0.57889,,,0,0
2011-06-01,30047,11,0,194,9829,17940,1602,470,1,0.00037,0.0,0.00037,0.00646,0.32712,0.59706,,,0,0
2011-07-01,21585,0,0,121,7294,12922,911,335,2,0.0,0.0,0.0,0.00561,0.33792,0.59866,,,0,0
2011-08-01,26342,3,0,257,8674,15410,1387,607,4,0.00011,0.0,0.00011,0.00976,0.32928,0.585,,,0,0
2011-09-01,28509,3,0,245,9039,17006,1340,872,4,0.00011,0.0,0.00011,0.00859,0.31706,0.59651,,,0,0
2011-10-01,26646,7,0,177,8222,16285,1221,732,2,0.00026,0.0,0.00026,0.00664,0.30856,0.61116,,,0,0
2011-11-01,28256,15,0,256,8424,17472,1423,664,2,0.00053,0.0,0.00053,0.00906,0.29813,0.61835,,,0,0
2011-12-01,26357,15,0,179,8019,16671,974,494,5,0.00057,0.0,0.00057,0.00679,0.30425,0.63251,,,0,0
2012-01-01,19909,10,0,109,5398,13223,645,521,3,0.0005,0.0,0.0005,0.00547,0.27113,0.66417,,,0,0
2012-02-01,22020,14,0,119,5918,14908,608,450,3,0.00064,0.0,0.00064,0.0054,0.26876,0.67702,,,0,0
2012-03-01,30436,33,3,161,9215,19715,697,607,5,0.00108,0.0001,0.00118,0.00529,0.30277,0.64775,,,0,0
2012-04-01,25391,37,19,110,7832,16400,551,435,7,0.00146,0.00075,0.00221,0.00433,0.30846,0.6459,,,0,0
2012-05-01,28496,20,18,172,8986,18266,592,439,3,0.0007,0.00063,0.00133,0.00604,0.31534,0.641,,,0,0
2012-06-01,27766,16,28,261,8816,17755,517,373,0,0.00058,0.00101,0.00158,0.0094,0.31751,0.63945,,,0,0
2012-07-01,20283,11,91,309,6791,12338,332,406,5,0.00054,0.00449,0.00503,0.01523,0.33481,0.60829,,,0,0
2012-08-01,22984,14,114,262,7371,14458,361,401,3,0.00061,0.00496,0.00557,0.0114,0.3207,0.62905,,,0,0
2012-09-01,24012,37,138,331,6828,15885,359,432,2,0.00154,0.00575,0.00729,0.01378,0.28436,0.66154,,,0,0
2012-10-01,25803,18,102,434,7416,16830,416,578,9,0.0007,0.00395,0.00465,0.01682,0.28741,0.65225,,,0,0
2012-11-01,26749,26,77,402,8119,17432,305,385,3,0.00097,0.00288,0.00385,0.01503,0.30353,0.65169,,,0,0
2012-12-01,27486,28,68,372,7875,18209,521,408,5,0.00102,0.00247,0.00349,0.01353,0.28651,0.66248,,,0,0
2013-01-01,17482,43,111,358,5369,11067,166,365,3,0.00246,0.00635,0.00881,0.02048,0.30712,0.63305,,,0,0
2013-02-01,19143,26,232,342,6046,11928,163,405,1,0.00136,0.01212,0.01348,0.01787,0.31583,0.6231,,,0,0
2013-03-01,24131,29,144,353,8166,14794,287,354,4,0.0012,0.00597,0.00717,0.01463,0.3384,0.61307,,,0,0
2013-04-01,26642,24,52,365,9079,16610,151,356,5,0.0009,0.00195,0.00285,0.0137,0.34078,0.62345,,,0,0
2013-05-01,28575,24,51,464,10200,17216,253,365,2,0.00084,0.00178,0.00262,0.01624,0.35696,0.60248,,,0,0
2013-06-01,25289,26,69,362,9101,15160,278,291,2,0.00103,0.00273,0.00376,0.01431,0.35988,0.59947,,,0,0
2013-07-01,20600,5,73,355,8112,11590,264,198,3,0.00024,0.00354,0.00379,0.01723,0.39379,0.56262,,,0,0
2013-08-01,23807,26,54,553,8954,13489,414,314,3,0.00109,0.00227,0.00336,0.02323,0.37611,0.5666,,,0,0
2013-09-01,25927,44,51,556,9398,15331,259,287,1,0.0017,0.00197,0.00366,0.02144,0.36248,0.59131,,,0,0
2013-10-01,27101,80,67,549,10143,15604,350,304,4,0.00295,0.00247,0.00542,0.02026,0.37427,0.57577,,,0,0
2013-11-01,26235,56,102,483,9534,15328,431,292,9,0.00213,0.00389,0.00602,0.01841,0.36341,0.58426,,,0,0
2013-12-01,27246,69,103,430,8749,17321,227,342,5,0.00253,0.00378,0.00631,0.01578,0.32111,0.63573,,,0,0
2014-01-01,20334,67,62,492,6793,12357,186,376,1,0.00329,0.00305,0.00634,0.0242,0.33407,0.6077,,,0,0
2014-02-01,22651,59,138,462,7707,13743,203,337,2,0.0026,0.00609,0.0087,0.0204,0.34025,0.60673,,,0,0
2014-03-01,29520,117,300,627,10773,16948,372,381,2,0.00396,0.01016,0.01413,0.02124,0.36494,0.57412,,,0,0
2014-04-01,29917,65,390,495,10844,17480,283,356,4,0.00217,0.01304,0.01521,0.01655,0.36247,0.58428,,,0,0
2014-05-01,29907,73,307,520,10840,17617,187,361,2,0.00244,0.01027,0.01271,0.01739,0.36246,0.58906,,,0,0
2014-06-01,30843,91,500,627,10836,18176,218,394,1,0.00295,0.01621,0.01916,0.02033,0.35133,0.58931,,,0,0
2014-07-01,22791,144,246,419,8566,12924,152,332,8,0.00632,0.01079,0.01711,0.01838,0.37585,0.56707,,,0,0
2014-08-01,25605,286,270,609,9482,14178,250,528,2,0.01117,0.01054,0.02171,0.02378,0.37032,0.55372,,,0,0
2014-09-01,27781,78,266,583,10703,15359,284,504,4,0.00281,0.00957,0.01238,0.02099,0.38526,0.55286,,,0,0
2014-10-01,29594,86,456,702,10712,16940,171,523,4,0.00291,0.01541,0.01831,0.02372,0.36197,0.57241,,,0,0
2014-11-01,27008,63,204,692,9659,15748,221,418,3,0.00233,0.00755,0.00989,0.02562,0.35763,0.58309,,,0,0
2014-12-01,28086,137,272,826,9610,16564,164,511,2,0.00488,0.00968,0.01456,0.02941,0.34216,0.58976,,,0,0
2015-01-01,21299,78,214,579,7418,12547,125,335,3,0.00366,0.01005,0.01371,0.02718,0.34828,0.58909,,,0,0
2015-02-01,24847,101,203,626,8482,14838,113,483,1,0.00406,0.00817,0.01223,0.02519,0.34137,0.59717,,,0,0
2015-03-01,33518,357,315,943,11885,19333,144,537,4,0.01065,0.0094,0.02005,0.02813,0.35459,0.57679,,,0,0
2015-04-01,32047,286,355,504,11643,18486,168,600,5,0.00892,0.01108,0.02,0.01573,0.36331,0.57684,,,0,0
2015-05-01,31335,322,386,584,11545,17953,95,448,2,0.01028,0.01232,0.02259,0.01864,0.36844,0.57294,,,0,0
2015-06-01,34414,328,479,914,12434,19833,112,311,3,0.00953,0.01392,0.02345,0.02656,0.36131,0.57631,,,0,0
2015-07-01,26242,256,279,596,10236,14472,77,325,1,0.00976,0.01063,0.02039,0.02271,0.39006,0.55148,,,0,0
2015-08-01,27821,260,308,611,10800,15292,123,427,0,0.00935,0.01107,0.02042,0.02196,0.3882,0.54966,,,0,0
2015-09-01,31061,220,398,850,12128,16795,133,533,4,0.00708,0.01281,0.0199,0.02737,0.39046,0.54071,,,0,0
2015-10-01,32675,202,504,775,12057,18570,105,457,5,0.00618,0.01542,0.02161,0.02372,0.369,0.56832,,,0,0
2015-11-01,32380,184,558,766,11660,18781,99,330,2,0.00568,0.01723,0.02292,0.02366,0.3601,0.58002,,,0,0
2015-12-01,34293,322,1753,1021,11288,19500,76,332,1,0.00939,0.05112,0.06051,0.02977,0.32916,0.56863,,,0,0
2016-01-01,22383,133,145,833,8357,12599,48,266,2,0.00594,0.00648,0.01242,0.03722,0.37336,0.56288,,,0,0
2016-02-01,28006,157,470,1107,10426,15453,73,318,2,0.00561,0.01678,0.02239,0.03953,0.37228,0.55177,,,0,0
2016-03-01,36057,407,854,1336,14243,18776,67,373,1,0.01129,0.02368,0.03497,0.03705,0.39501,0.52073,,,0,0
2016-04-01,35245,294,920,1013,13471,19140,61,338,8,0.00834,0.0261,0.03444,0.02874,0.38221,0.54306,,,0,0
2016-05-01,36610,191,994,1087,14962,18971,82,319,4,0.00522,0.02715,0.03237,0.02969,0.40869,0.51819,,,0,0
2016-06-01,38237,219,1137,967,15179,20206,106,417,6,0.00573,0.02974,0.03546,0.02529,0.39697,0.52844,,,0,0
2016-07-01,25650,107,859,810,10818,12890,24,140,2,0.00417,0.03349,0.03766,0.03158,0.42175,0.50253,,,0,0
2016-08-01,28811,153,787,1221,12561,13721,102,261,5,0.00531,0.02732,0.03263,0.04238,0.43598,0.47624,,,0,0
2016-09-01,33570,419,1162,1613,13602,16291,99,381,3,0.01248,0.03461,0.0471,0.04805,0.40518,0.48528,,,0,0
2016-10-01,33198,212,1023,1168,13443,17016,35,291,10,0.00639,0.03082,0.0372,0.03518,0.40493,0.51256,,,0,0
2016-11-01,32396,248,1024,1128,13136,16472,67,317,4,0.00766,0.03161,0.03926,0.03482,0.40548,0.50846,,,0,0
2016-12-01,37851,453,915,1353,15122,19522,92,389,5,0.01197,0.02417,0.03614,0.03575,0.39951,0.51576,,,0,0
2017-01-01,24039,260,997,1050,8368,12922,93,345,4,0.01082,0.04147,0.05229,0.04368,0.3481,0.53754,,,0,0
2017-02-01,28484,228,932,1437,10385,15169,81,248,4,0.008,0.03272,0.04072,0.05045,0.36459,0.53254,,,0,0
2017-03-01,39476,579,851,2086,15657,19984,98,216,5,0.01467,0.02156,0.03622,0.05284,0.39662,0.50623,,,0,0
2017-04-01,31841,396,818,1248,12540,16570,86,179,4,0.01244,0.02569,0.03813,0.03919,0.39383,0.5204,,,0,0
2017-05-01,37151,400,1172,1483,15112,18678,95,207,4,0.01077,0.03155,0.04231,0.03992,0.40677,0.50276,,,0,0
2017-06-01,39881,429,1185,1574,16237,20206,77,170,3,0.01076,0.02971,0.04047,0.03947,0.40714,0.50666,,,0,0
2017-07-01,26164,220,996,1230,11138,12384,33,158,5,0.00841,0.03807,0.04648,0.04701,0.4257,0.47332,,,0,0
2017-08-01,31373,413,1561,1691,12450,14618,165,468,7,0.01316,0.04976,0.06292,0.0539,0.39684,0.46594,,,0,0
2017-09-01,32543,491,1530,1554,12956,15340,91,576,5,0.01509,0.04701,0.0621,0.04775,0.39812,0.47138,,,0,0
2017-10-01,33226,382,1937,1645,13524,15122,122,492,2,0.0115,0.0583,0.06979,0.04951,0.40703,0.45513,,,0,0
2017-11-01,33193,268,2076,1629,14354,14226,76,560,4,0.00807,0.06254,0.07062,0.04908,0.43244,0.42858,,,0,0
2017-12-01,35357,293,1934,2013,14834,15848,73,352,10,0.00829,0.0547,0.06299,0.05693,0.41955,0.44823,,,0,0
2018-01-01,23815,191,1576,1417,10493,9788,59,289,2,0.00802,0.06618,0.0742,0.0595,0.4406,0.411,,,0,0
2018-02-01,27815,324,1548,1177,12305,12143,84,233,1,0.01165,0.05565,0.0673,0.04232,0.44239,0.43656,,,0,0
2018-03-01,37957,749,1920,2183,17139,15538,75,350,3,0.01973,0.05058,0.07032,0.05751,0.45154,0.40936,,,0,0
2018-04-01,35601,377,1789,1875,17310,13802,69,376,3,0.01059,0.05025,0.06084,0.05267,0.48622,0.38769,,,0,0
2018-05-01,39446,293,1711,2179,19867,14988,57,348,3,0.00743,0.04338,0.0508,0.05524,0.50365,0.37996,,,0,0
2018-06-01,67553,337,2381,2842,32231,29301,130,328,3,0.00499,0.03525,0.04024,0.04207,0.47712,0.43375,,,0,0
2018-07-01,13798,533,1909,944,6937,3155,30,290,0,0.03863,0.13835,0.17698,0.06842,0.50275,0.22866,,,0,0
2018-08-01,25765,565,1989,1697,12888,7737,384,504,1,0.02193,0.0772,0.09913,0.06586,0.50021,0.30029,,,0,0
2018-09-01,19886,667,1725,1655,9524,6082,27,205,1,0.03354,0.08674,0.12029,0.08322,0.47893,0.30584,,,0,0
2018-10-01,24128,806,1874,1836,11702,7753,32,120,5,0.03341,0.07767,0.11107,0.07609,0.485,0.32133,,,0,0
2018-11-01,26357,1211,1792,1835,12432,8945,36,100,6,0.04595,0.06799,0.11394,0.06962,0.47168,0.33938,,,0,0
2018-12-01,23414,1094,1597,1380,10980,8177,37,145,4,0.04672,0.06821,0.11493,0.05894,0.46895,0.34924,,,0,0
2019-01-01,21117,1103,1577,1367,8835,8113,17,104,1,0.05223,0.07468,0.12691,0.06473,0.41838,0.38419,,,0,0
2019-02-01,23789,902,1900,1226,10830,8827,8,96,0,0.03792,0.07987,0.11779,0.05154,0.45525,0.37105,,,0,0
2019-03-01,31079,2107,2292,1783,13912,10770,12,202,1,0.06779,0.07375,0.14154,0.05737,0.44763,0.34654,,,0,0
2019-04-01,31451,1377,1711,2144,13946,11981,7,281,4,0.04378,0.0544,0.09818,0.06817,0.44342,0.38094,,,0,0
2019-05-01,33250,1255,1655,2614,15588,11673,15,447,3,0.03774,0.04977,0.08752,0.07862,0.46881,0.35107,,,0,0
2019-06-01,33119,1692,1748,2418,15827,10813,6,610,5,0.05109,0.05278,0.10387,0.07301,0.47788,0.32649,,,0,0
2019-07-01,24951,1083,1307,1934,12311,7959,4,351,2,0.04341,0.05238,0.09579,0.07751,0.49341,0.31899,,,0,0
2019-08-01,30493,971,1668,2460,14958,9274,207,953,2,0.03184,0.0547,0.08654,0.08067,0.49054,0.30414,,,0,0
2019-09-01,27728,1764,1874,2170,13196,7891,181,649,3,0.06362,0.06759,0.1312,0.07826,0.47591,0.28459,,,0,0
2019-10-01,30493,848,2696,2457,14070,9764,126,532,0,0.02781,0.08841,0.11622,0.08058,0.46142,0.3202,,,0,0
2019-11-01,31126,1062,3256,2435,14133,9692,182,364,2,0.03412,0.10461,0.13873,0.07823,0.45406,0.31138,,,0,0
2019-12-01,48365,1631,3223,2444,24299,15982,402,382,2,0.03372,0.06664,0.10036,0.05053,0.50241,0.33045,,,0,0
2020-01-01,17790,1268,4113,1140,6732,4088,5,443,1,0.07128,0.2312,0.30247,0.06408,0.37841,0.22979,,,0,0
2020-02-01,22489,1430,4027,1657,8927,6084,7,355,2,0.06359,0.17907,0.24265,0.07368,0.39695,0.27053,,,0,0
2020-03-01,28535,3015,4753,1710,11431,7284,7,330,5,0.10566,0.16657,0.27223,0.05993,0.4006,0.25527,,,0,0
2020-04-01,19831,1049,3233,1341,8730,5223,5,247,3,0.0529,0.16303,0.21592,0.06762,0.44022,0.26338,,,0,0
2020-05-01,16899,841,2591,1263,7628,4445,5,126,0,0.04977,0.15332,0.20309,0.07474,0.45139,0.26303,,,0,0
2020-06-01,26058,1706,4696,1152,11255,7082,4,159,4,0.06547,0.18021,0.24568,0.04421,0.43192,0.27178,,,0,0
2020-07-01,23804,1307,5414,1529,9769,5685,7,90,3,0.05491,0.22744,0.28235,0.06423,0.41039,0.23883,,,0,0
2020-08-01,26545,2120,5301,2624,10416,5558,13,513,0,0.07986,0.1997,0.27956,0.09885,0.39239,0.20938,,,0,0
2020-09-01,29791,3678,6233,2960,10792,5716,7,401,4,0.12346,0.20922,0.33268,0.09936,0.36226,0.19187,,,0,0
2020-10-01,29037,2345,7849,2623,10467,5356,6,389,2,0.08076,0.27031,0.35107,0.09033,0.36047,0.18445,,,0,0
2020-11-01,27443,2729,7590,2452,9457,4974,1,240,0,0.09944,0.27657,0.37602,0.08935,0.34461,0.18125,,,0,0
2020-12-01,34974,6609,10334,2180,9036,6578,3,232,2,0.18897,0.29548,0.48445,0.06233,0.25836,0.18808,,,0,0
2021-01-01,21476,1161,5898,1635,7718,4947,5,111,1,0.05406,0.27463,0.32869,0.07613,0.35938,0.23035,7435.0,0.05905,0,0
2021-02-01,23586,1416,6598,1643,8799,4961,3,163,3,0.06004,0.27974,0.33978,0.06966,0.37306,0.21034,8276.0,0.06162,0,0
2021-03-01,48723,2625,14963,3301,16807,10875,8,142,2,0.05388,0.3071,0.36098,0.06775,0.34495,0.2232,15834.0,0.06928,0,0
2021-04-01,23133,4888,4578,1992,7758,3729,51,135,2,0.2113,0.1979,0.4092,0.08611,0.33537,0.1612,8723.0,0.20131,0,0
2021-05-01,25713,3972,5558,2404,8971,4561,94,146,7,0.15447,0.21616,0.37063,0.09349,0.34889,0.17738,9839.0,0.15804,0,0
2021-06-01,37638,8706,9146,2922,10343,6173,177,166,5,0.23131,0.243,0.47431,0.07763,0.2748,0.16401,11974.0,0.22607,0,0
2021-07-01,18110,2556,3808,1730,6588,3122,209,89,8,0.14114,0.21027,0.35141,0.09553,0.36378,0.17239,9637.0,0.1708,0,0
2021-08-01,20925,4806,4561,1865,6340,3059,127,162,5,0.22968,0.21797,0.44765,0.08913,0.30299,0.14619,10195.0,0.2767,0,0
2021-09-01,23745,7486,4778,1742,6415,3016,167,140,1,0.31527,0.20122,0.51649,0.07336,0.27016,0.12702,11120.0,0.36906,0,0
2021-10-01,20916,4634,5634,1491,6077,2790,182,106,2,0.22155,0.26936,0.49092,0.07129,0.29054,0.13339,9299.0,0.25164,0,0
2021-11-01,22093,5549,5979,1518,5789,3089,112,56,1,0.25117,0.27063,0.52179,0.06871,0.26203,0.13982,9769.0,0.26216,0,0
2021-12-01,28255,10082,6699,1894,5865,3412,165,132,6,0.35682,0.23709,0.59391,0.06703,0.20757,0.12076,12266.0,0.41089,0,0
2022-01-01,20527,5221,5378,1790,5104,2809,87,135,3,0.25435,0.262,0.51634,0.0872,0.24865,0.13684,9557.0,0.316,0,0
2022-02-01,21917,5491,5509,2045,5368,3135,247,122,0,0.25054,0.25136,0.50189,0.09331,0.24492,0.14304,9794.0,0.31223,0,0
2022-03-01,29893,9254,6826,2786,6737,3913,266,109,2,0.30957,0.22835,0.53792,0.0932,0.22537,0.1309,13074.0,0.36041,0,0
2022-04-01,23050,5500,5154,2735,5968,3492,143,51,7,0.23861,0.2236,0.46221,0.11866,0.25892,0.1515,10664.0,0.28695,0,0
2022-05-01,27736,6529,6146,2582,7786,4369,238,86,0,0.2354,0.22159,0.45699,0.09309,0.28072,0.15752,11727.0,0.28498,0,0
2022-06-01,27374,8365,6159,2024,6490,3998,180,155,3,0.30558,0.22499,0.53058,0.07394,0.23709,0.14605,11170.0,0.35354,0,0
2022-07-01,18789,4792,4259,1600,5672,2249,175,39,3,0.25504,0.22668,0.48172,0.08516,0.30188,0.1197,7909.0,0.3185,0,0
2022-08-01,21493,5927,3668,2707,5975,2578,288,346,4,0.27576,0.17066,0.44642,0.12595,0.278,0.11995,9353.0,0.36416,0,0
2022-09-01,23047,7871,4387,2382,5016,2698,402,286,5,0.34152,0.19035,0.53187,0.10335,0.21764,0.11707,9305.0,0.41354,0,1
2022-10-01,23220,8036,5381,2266,4523,2471,233,306,4,0.34608,0.23174,0.57782,0.09759,0.19479,0.10642,9352.0,0.45723,0,1
2022-11-01,26295,10970,5660,2506,4238,2530,237,149,5,0.41719,0.21525,0.63244,0.0953,0.16117,0.09622,10061.0,0.50313,1,1
2022-12-01,35879,18207,8248,2161,4370,2546,212,135,0,0.50746,0.22988,0.73734,0.06023,0.1218,0.07096,13469.0,0.62915,1,0
2023-01-01,15282,4333,3465,1776,3602,1863,119,123,1,0.28354,0.22674,0.51027,0.11622,0.2357,0.12191,5360.0,0.3681,1,0
2023-02-01,19040,6212,3864,1914,4256,2217,445,130,2,0.32626,0.20294,0.5292,0.10053,0.22353,0.11644,6285.0,0.36579,1,0
2023-03-01,30960,12644,5542,3073,6452,2549,563,132,5,0.4084,0.17901,0.5874,0.09926,0.2084,0.08233,8824.0,0.41251,1,0
2023-04-01,21413,6983,4561,1855,5148,2347,403,116,0,0.32611,0.213,0.53911,0.08663,0.24041,0.10961,6897.0,0.31086,1,0
2023-05-01,29384,11696,5991,2176,6324,2641,320,232,4,0.39804,0.20389,0.60193,0.07405,0.21522,0.08988,8223.0,0.35826,1,0
2023-06-01,29132,11005,5806,2337,6895,2524,337,226,2,0.37776,0.1993,0.57706,0.08022,0.23668,0.08664,8384.0,0.36009,1,0
2023-07-01,18073,6528,3896,1329,4246,1684,324,64,2,0.3612,0.21557,0.57677,0.07354,0.23494,0.09318,6274.0,0.34109,1,0
2023-08-01,24578,9832,4575,2193,5480,2024,226,247,1,0.40003,0.18614,0.58617,0.08923,0.22296,0.08235,8169.0,0.33786,1,0
2023-09-01,28893,12552,5351,2251,5820,2393,318,204,4,0.43443,0.1852,0.61963,0.07791,0.20143,0.08282,9272.0,0.39679,1,0
2023-10-01,25730,9454,5762,2328,5488,2094,420,182,2,0.36743,0.22394,0.59137,0.09048,0.21329,0.08138,8194.0,0.35062,1,0
2023-11-01,25928,10128,5321,2803,5024,1960,469,222,1,0.39062,0.20522,0.59584,0.10811,0.19377,0.07559,7807.0,0.35122,1,0
2023-12-01,29694,11408,7101,2505,6042,2202,278,156,2,0.38419,0.23914,0.62332,0.08436,0.20348,0.07416,8430.0,0.39407,1,0
2024-01-01,17809,5068,4095,2059,4078,1890,440,177,2,0.28458,0.22994,0.51452,0.11562,0.22899,0.10613,4525.0,0.1916,1,0
2024-02-01,19250,5244,4500,2158,4868,1761,575,139,5,0.27242,0.23377,0.50618,0.1121,0.25288,0.09148,5298.0,0.19875,1,0
2024-03-01,24481,8381,5556,2073,5862,1902,462,241,4,0.34235,0.22695,0.5693,0.08468,0.23945,0.07769,7380.0,0.29485,1,0
2024-04-01,22726,6845,5744,2254,5483,1819,363,217,1,0.3012,0.25275,0.55395,0.09918,0.24127,0.08004,7422.0,0.24791,1,0
2024-05-01,25947,7648,5842,2714,6984,2252,377,127,3,0.29475,0.22515,0.51991,0.1046,0.26916,0.08679,7886.0,0.26604,1,0
2024-06-01,26096,9135,5252,2241,6930,2141,304,86,7,0.35005,0.20126,0.55131,0.08588,0.26556,0.08204,8400.0,0.37631,1,0
2024-07-01,16956,5530,4244,1375,3970,1690,136,9,2,0.32614,0.25029,0.57643,0.08109,0.23414,0.09967,5907.0,0.30371,1,0
2024-08-01,19711,6819,3881,2091,4822,1855,198,39,6,0.34595,0.1969,0.54284,0.10608,0.24463,0.09411,6858.0,0.29396,1,0
2024-09-01,26418,11566,5223,1966,5825,1521,278,36,3,0.43781,0.19771,0.63551,0.07442,0.22049,0.05757,9064.0,0.45135,1,0
2024-10-01,25682,8819,6811,2223,5735,1745,333,15,1,0.34339,0.26521,0.6086,0.08656,0.22331,0.06795,8878.0,0.31786,1,0
2024-11-01,25443,9050,6328,2170,5896,1677,302,18,2,0.3557,0.24871,0.60441,0.08529,0.23173,0.06591,8844.0,0.31988,1,0
2024-12-01,26819,10734,5798,2144,5996,1905,238,2,2,0.40024,0.21619,0.61643,0.07994,0.22357,0.07103,9446.0,0.38514,1,0
2025-01-01,20308,5722,4513,1824,5185,1378,1682,0,4,0.28176,0.22223,0.50399,0.08982,0.25532,0.06786,6126.0,0.25253,1,0
2025-02-01,20209,6928,5133,1620,4994,1525,6,1,2,0.34282,0.254,0.59681,0.08016,0.24712,0.07546,6461.0,0.29748,1,0
2025-03-01,24959,8435,6339,2127,6018,2023,10,2,5,0.33795,0.25398,0.59193,0.08522,0.24112,0.08105,8143.0,0.30775,1,0
2025-04-01,25232,8606,6849,1885,5707,2169,11,1,4,0.34107,0.27144,0.61252,0.07471,0.22618,0.08596,8037.0,0.28966,1,0
2025-05-01,26607,9526,6811,2209,5976,2079,4,0,2,0.35803,0.25599,0.61401,0.08302,0.2246,0.07814,8451.0,0.31677,1,0
2025-06-01,28637,10845,7298,1773,6527,2180,9,1,4,0.37871,0.25485,0.63355,0.06191,0.22792,0.07613,9098.0,0.32897,1,0
2025-07-01,18617,6224,4865,1288,4586,1644,5,3,2,0.33432,0.26132,0.59564,0.06918,0.24633,0.08831,7528.0,0.2844,1,0
2025-08-01,20814,6790,5159,2260,4774,1824,5,1,1,0.32622,0.24786,0.57408,0.10858,0.22936,0.08763,7810.0,0.28233,1,0
2025-09-01,26163,9658,7667,2002,5208,1620,5,0,3,0.36915,0.29305,0.66219,0.07652,0.19906,0.06192,9940.0,0.36087,1,0
2025-10-01,25194,8772,7166,2184,5125,1910,33,1,3,0.34818,0.28443,0.63261,0.08669,0.20342,0.07581,9832.0,0.32404,1,0
2025-11-01,21915,8539,5299,2047,4389,1565,73,1,2,0.38964,0.2418,0.63144,0.09341,0.20027,0.07141,8706.0,0.35964,1,0
2025-12-01,24621,10320,6124,2385,4221,1485,83,2,1,0.41915,0.24873,0.66789,0.09687,0.17144,0.06031,9440.0,0.41716,1,0
2026-01-01,16667,6750,3630,1609,3434,1153,88,2,1,0.40499,0.2178,0.62279,0.09654,0.20604,0.06918,6325.0,0.40032,1,0
2026-02-01,20005,7686,4948,1568,4126,1576,101,0,0,0.3842,0.24734,0.63154,0.07838,0.20625,0.07878,7073.0,0.37283,1,0
2026-03-01,27579,10926,6545,2032,5893,2039,142,1,1,0.39617,0.23732,0.63349,0.07368,0.21368,0.07393,10445.0,0.3797,1,0
2026-04-01,25169,9886,5843,2257,4873,2172,131,1,6,0.39278,0.23215,0.62494,0.08967,0.19361,0.0863,8982.0,0.37041,1,0
2026-05-01,27007,10770,6680,2001,5418,2057,77,1,3,0.39879,0.24734,0.64613,0.07409,0.20061,0.07617,9337.0,0.40463,1,0
2026-06-01,31083,13062,7580,1837,6171,2350,77,1,5,0.42023,0.24386,0.66409,0.0591,0.19853,0.0756,11196.0,0.39943,1,0
2026-07-01,19687,8004,4489,1521,3868,1742,55,2,6,0.40656,0.22802,0.63458,0.07726,0.19647,0.08848,8708.0,0.36311,1,0
2026-08-01,23402,10118,5037,2132,4613,1434,63,2,3,0.43236,0.21524,0.64759,0.0911,0.19712,0.06128,9511.0,0.39144,1,0
