ar,manad,drivm,nyreg
2006,01,101,13617
2006,01,102,3521
2006,01,103,2
2006,01,104,216
2006,01,106,1646
2006,01,107,168
2006,01,109,3
2006,02,101,14687
2006,02,102,3444
2006,02,103,–
2006,02,104,163
2006,02,106,1798
2006,02,107,234
2006,02,109,–
2006,03,101,19609
2006,03,102,4764
2006,03,103,–
2006,03,104,214
2006,03,106,3165
2006,03,107,254
2006,03,109,1
2006,04,101,21439
2006,04,102,4598
2006,04,103,–
2006,04,104,239
2006,04,106,2105
2006,04,107,370
2006,04,109,–
2006,05,101,24117
2006,05,102,5168
2006,05,103,–
2006,05,104,260
2006,05,106,2481
2006,05,107,530
2006,05,109,–
2006,06,101,23148
2006,06,102,5340
2006,06,103,–
2006,06,104,307
2006,06,106,2469
2006,06,107,398
2006,06,109,–
2006,07,101,15593
2006,07,102,4089
2006,07,103,–
2006,07,104,224
2006,07,106,1686
2006,07,107,198
2006,07,109,1
2006,08,101,17504
2006,08,102,4619
2006,08,103,–
2006,08,104,277
2006,08,106,2086
2006,08,107,181
2006,08,109,–
2006,09,101,19129
2006,09,102,5438
2006,09,103,–
2006,09,104,293
2006,09,106,2061
2006,09,107,319
2006,09,109,2
2006,10,101,18271
2006,10,102,6176
2006,10,103,–
2006,10,104,166
2006,10,106,1819
2006,10,107,361
2006,10,109,3
2006,11,101,17054
2006,11,102,7046
2006,11,103,–
2006,11,104,256
2006,11,106,2465
2006,11,107,348
2006,11,109,–
2006,12,101,15834
2006,12,102,7000
2006,12,103,–
2006,12,104,236
2006,12,106,2337
2006,12,107,265
2006,12,109,–
2007,01,101,13521
2007,01,102,6965
2007,01,103,–
2007,01,104,287
2007,01,106,1891
2007,01,107,200
2007,01,109,1
2007,02,101,13479
2007,02,102,6615
2007,02,103,–
2007,02,104,243
2007,02,106,1965
2007,02,107,169
2007,02,109,–
2007,03,101,19340
2007,03,102,8418
2007,03,103,–
2007,03,104,280
2007,03,106,2361
2007,03,107,200
2007,03,109,–
2007,04,101,19362
2007,04,102,8269
2007,04,103,–
2007,04,104,286
2007,04,106,2464
2007,04,107,152
2007,04,109,–
2007,05,101,20085
2007,05,102,9492
2007,05,103,–
2007,05,104,351
2007,05,106,3429
2007,05,107,168
2007,05,109,1
2007,06,101,17837
2007,06,102,8877
2007,06,103,–
2007,06,104,313
2007,06,106,3155
2007,06,107,247
2007,06,109,1
2007,07,101,13520
2007,07,102,6979
2007,07,103,–
2007,07,104,256
2007,07,106,2508
2007,07,107,136
2007,07,109,–
2007,08,101,14772
2007,08,102,8630
2007,08,103,1
2007,08,104,319
2007,08,106,2229
2007,08,107,111
2007,08,109,1
2007,09,101,14276
2007,09,102,8803
2007,09,103,–
2007,09,104,255
2007,09,106,2756
2007,09,107,96
2007,09,109,–
2007,10,101,15476
2007,10,102,11332
2007,10,103,–
2007,10,104,243
2007,10,106,4183
2007,10,107,80
2007,10,109,1
2007,11,101,12810
2007,11,102,12240
2007,11,103,–
2007,11,104,261
2007,11,106,4251
2007,11,107,119
2007,11,109,–
2007,12,101,9823
2007,12,102,16944
2007,12,103,1
2007,12,104,300
2007,12,106,4321
2007,12,107,81
2007,12,109,–
2008,01,101,8977
2008,01,102,5292
2008,01,103,–
2008,01,104,307
2008,01,106,4677
2008,01,107,90
2008,01,109,–
2008,02,101,9634
2008,02,102,8221
2008,02,103,–
2008,02,104,363
2008,02,106,4595
2008,02,107,85
2008,02,109,–
2008,03,101,11105
2008,03,102,9180
2008,03,103,–
2008,03,104,316
2008,03,106,4317
2008,03,107,62
2008,03,109,–
2008,04,101,13284
2008,04,102,11334
2008,04,103,–
2008,04,104,451
2008,04,106,5032
2008,04,107,97
2008,04,109,–
2008,05,101,12672
2008,05,102,10458
2008,05,103,1
2008,05,104,435
2008,05,106,5477
2008,05,107,85
2008,05,109,1
2008,06,101,10656
2008,06,102,9024
2008,06,103,–
2008,06,104,340
2008,06,106,5948
2008,06,107,74
2008,06,109,1
2008,07,101,8504
2008,07,102,6673
2008,07,103,–
2008,07,104,297
2008,07,106,3680
2008,07,107,47
2008,07,109,2
2008,08,101,8558
2008,08,102,6923
2008,08,103,–
2008,08,104,352
2008,08,106,3940
2008,08,107,79
2008,08,109,–
2008,09,101,9584
2008,09,102,8407
2008,09,103,–
2008,09,104,376
2008,09,106,6080
2008,09,107,187
2008,09,109,–
2008,10,101,8668
2008,10,102,8275
2008,10,103,–
2008,10,104,307
2008,10,106,6431
2008,10,107,184
2008,10,109,1
2008,11,101,6736
2008,11,102,6504
2008,11,103,–
2008,11,104,279
2008,11,106,4565
2008,11,107,192
2008,11,109,–
2008,12,101,6137
2008,12,102,6874
2008,12,103,–
2008,12,104,423
2008,12,106,4282
2008,12,107,205
2008,12,109,1
2009,01,101,4872
2009,01,102,4852
2009,01,103,2
2009,01,104,148
2009,01,106,2378
2009,01,107,119
2009,01,109,–
2009,02,101,6244
2009,02,102,5911
2009,02,103,2
2009,02,104,127
2009,02,106,3069
2009,02,107,154
2009,02,109,1
2009,03,101,7636
2009,03,102,7125
2009,03,103,6
2009,03,104,143
2009,03,106,3997
2009,03,107,317
2009,03,109,1
2009,04,101,7931
2009,04,102,7527
2009,04,103,–
2009,04,104,184
2009,04,106,3854
2009,04,107,486
2009,04,109,1
2009,05,101,7646
2009,05,102,6748
2009,05,103,5
2009,05,104,155
2009,05,106,4663
2009,05,107,541
2009,05,109,2
2009,06,101,9334
2009,06,102,9030
2009,06,103,3
2009,06,104,261
2009,06,106,4861
2009,06,107,651
2009,06,109,1
2009,07,101,6459
2009,07,102,6340
2009,07,103,2
2009,07,104,148
2009,07,106,2341
2009,07,107,623
2009,07,109,–
2009,08,101,6218
2009,08,102,6583
2009,08,103,3
2009,08,104,279
2009,08,106,2915
2009,08,107,725
2009,08,109,–
2009,09,101,7703
2009,09,102,8603
2009,09,103,1
2009,09,104,514
2009,09,106,3220
2009,09,107,749
2009,09,109,3
2009,10,101,8674
2009,10,102,9984
2009,10,103,2
2009,10,104,456
2009,10,106,3052
2009,10,107,642
2009,10,109,1
2009,11,101,8235
2009,11,102,9021
2009,11,103,2
2009,11,104,358
2009,11,106,3063
2009,11,107,503
2009,11,109,3
2009,12,101,6974
2009,12,102,9459
2009,12,103,1
2009,12,104,312
2009,12,106,2752
2009,12,107,615
2009,12,109,2
2010,01,101,5876
2010,01,102,7270
2010,01,103,1
2010,01,104,281
2010,01,106,2359
2010,01,107,561
2010,01,109,4
2010,02,101,6012
2010,02,102,9329
2010,02,103,–
2010,02,104,258
2010,02,106,2633
2010,02,107,670
2010,02,109,–
2010,03,101,10201
2010,03,102,13018
2010,03,103,1
2010,03,104,438
2010,03,106,3053
2010,03,107,616
2010,03,109,4
2010,04,101,10457
2010,04,102,13255
2010,04,103,1
2010,04,104,334
2010,04,106,3094
2010,04,107,630
2010,04,109,–
2010,05,101,10489
2010,05,102,12561
2010,05,103,–
2010,05,104,325
2010,05,106,3297
2010,05,107,601
2010,05,109,2
2010,06,101,11517
2010,06,102,15028
2010,06,103,1
2010,06,104,273
2010,06,106,3513
2010,06,107,705
2010,06,109,2
2010,07,101,8342
2010,07,102,10887
2010,07,103,–
2010,07,104,152
2010,07,106,2050
2010,07,107,573
2010,07,109,1
2010,08,101,9017
2010,08,102,11695
2010,08,103,1
2010,08,104,277
2010,08,106,2451
2010,08,107,629
2010,08,109,4
2010,09,101,9704
2010,09,102,13998
2010,09,103,–
2010,09,104,363
2010,09,106,2961
2010,09,107,547
2010,09,109,–
2010,10,101,8973
2010,10,102,14729
2010,10,103,3
2010,10,104,366
2010,10,106,3098
2010,10,107,555
2010,10,109,1
2010,11,101,8888
2010,11,102,15027
2010,11,103,–
2010,11,104,353
2010,11,106,3330
2010,11,107,484
2010,11,109,1
2010,12,101,8752
2010,12,102,17485
2010,12,103,3
2010,12,104,300
2010,12,106,3626
2010,12,107,434
2010,12,109,4
2011,01,101,6835
2011,01,102,12281
2011,01,103,3
2011,01,104,238
2011,01,106,817
2011,01,107,275
2011,01,109,4
2011,02,101,7128
2011,02,102,13524
2011,02,103,29
2011,02,104,250
2011,02,106,973
2011,02,107,308
2011,02,109,2
2011,03,101,10963
2011,03,102,18311
2011,03,103,36
2011,03,104,374
2011,03,106,1387
2011,03,107,569
2011,03,109,2
2011,04,101,10748
2011,04,102,17958
2011,04,103,23
2011,04,104,336
2011,04,106,1539
2011,04,107,525
2011,04,109,3
2011,05,101,11277
2011,05,102,19373
2011,05,103,40
2011,05,104,300
2011,05,106,1709
2011,05,107,767
2011,05,109,–
2011,06,101,9829
2011,06,102,17940
2011,06,103,11
2011,06,104,194
2011,06,106,1602
2011,06,107,470
2011,06,109,1
2011,07,101,7294
2011,07,102,12922
2011,07,103,–
2011,07,104,121
2011,07,106,911
2011,07,107,335
2011,07,109,2
2011,08,101,8674
2011,08,102,15410
2011,08,103,3
2011,08,104,257
2011,08,106,1387
2011,08,107,607
2011,08,109,4
2011,09,101,9039
2011,09,102,17006
2011,09,103,3
2011,09,104,245
2011,09,106,1340
2011,09,107,872
2011,09,109,4
2011,10,101,8222
2011,10,102,16285
2011,10,103,7
2011,10,104,177
2011,10,106,1221
2011,10,107,732
2011,10,109,2
2011,11,101,8424
2011,11,102,17472
2011,11,103,15
2011,11,104,256
2011,11,106,1423
2011,11,107,664
2011,11,109,2
2011,12,101,8019
2011,12,102,16671
2011,12,103,15
2011,12,104,179
2011,12,106,974
2011,12,107,494
2011,12,109,5
2012,01,101,5398
2012,01,102,13223
2012,01,103,10
2012,01,104,109
2012,01,105,–
2012,01,106,645
2012,01,107,521
2012,01,109,3
2012,02,101,5918
2012,02,102,14908
2012,02,103,14
2012,02,104,119
2012,02,105,–
2012,02,106,608
2012,02,107,450
2012,02,109,3
2012,03,101,9215
2012,03,102,19715
2012,03,103,33
2012,03,104,161
2012,03,105,3
2012,03,106,697
2012,03,107,607
2012,03,109,5
2012,04,101,7832
2012,04,102,16400
2012,04,103,37
2012,04,104,110
2012,04,105,19
2012,04,106,551
2012,04,107,435
2012,04,109,7
2012,05,101,8986
2012,05,102,18266
2012,05,103,20
2012,05,104,172
2012,05,105,18
2012,05,106,592
2012,05,107,439
2012,05,109,3
2012,06,101,8816
2012,06,102,17755
2012,06,103,16
2012,06,104,261
2012,06,105,28
2012,06,106,517
2012,06,107,373
2012,06,109,–
2012,07,101,6791
2012,07,102,12338
2012,07,103,11
2012,07,104,309
2012,07,105,91
2012,07,106,332
2012,07,107,406
2012,07,109,5
2012,08,101,7371
2012,08,102,14458
2012,08,103,14
2012,08,104,262
2012,08,105,114
2012,08,106,361
2012,08,107,401
2012,08,109,3
2012,09,101,6828
2012,09,102,15885
2012,09,103,37
2012,09,104,331
2012,09,105,138
2012,09,106,359
2012,09,107,432
2012,09,109,2
2012,10,101,7416
2012,10,102,16830
2012,10,103,18
2012,10,104,434
2012,10,105,102
2012,10,106,416
2012,10,107,578
2012,10,109,9
2012,11,101,8119
2012,11,102,17432
2012,11,103,26
2012,11,104,402
2012,11,105,77
2012,11,106,305
2012,11,107,385
2012,11,109,3
2012,12,101,7875
2012,12,102,18209
2012,12,103,28
2012,12,104,372
2012,12,105,68
2012,12,106,521
2012,12,107,408
2012,12,109,5
2013,01,101,5369
2013,01,102,11067
2013,01,103,43
2013,01,104,358
2013,01,105,111
2013,01,106,166
2013,01,107,365
2013,01,109,3
2013,02,101,6046
2013,02,102,11928
2013,02,103,26
2013,02,104,342
2013,02,105,232
2013,02,106,163
2013,02,107,405
2013,02,109,1
2013,03,101,8166
2013,03,102,14794
2013,03,103,29
2013,03,104,353
2013,03,105,144
2013,03,106,287
2013,03,107,354
2013,03,109,4
2013,04,101,9079
2013,04,102,16610
2013,04,103,24
2013,04,104,365
2013,04,105,52
2013,04,106,151
2013,04,107,356
2013,04,109,5
2013,05,101,10200
2013,05,102,17216
2013,05,103,24
2013,05,104,464
2013,05,105,51
2013,05,106,253
2013,05,107,365
2013,05,109,2
2013,06,101,9101
2013,06,102,15160
2013,06,103,26
2013,06,104,362
2013,06,105,69
2013,06,106,278
2013,06,107,291
2013,06,109,2
2013,07,101,8112
2013,07,102,11590
2013,07,103,5
2013,07,104,355
2013,07,105,73
2013,07,106,264
2013,07,107,198
2013,07,109,3
2013,08,101,8954
2013,08,102,13489
2013,08,103,26
2013,08,104,553
2013,08,105,54
2013,08,106,414
2013,08,107,314
2013,08,109,3
2013,09,101,9398
2013,09,102,15331
2013,09,103,44
2013,09,104,556
2013,09,105,51
2013,09,106,259
2013,09,107,287
2013,09,109,1
2013,10,101,10143
2013,10,102,15604
2013,10,103,80
2013,10,104,549
2013,10,105,67
2013,10,106,350
2013,10,107,304
2013,10,109,4
2013,11,101,9534
2013,11,102,15328
2013,11,103,56
2013,11,104,483
2013,11,105,102
2013,11,106,431
2013,11,107,292
2013,11,109,9
2013,12,101,8749
2013,12,102,17321
2013,12,103,69
2013,12,104,430
2013,12,105,103
2013,12,106,227
2013,12,107,342
2013,12,109,5
2014,01,101,6793
2014,01,102,12357
2014,01,103,67
2014,01,104,492
2014,01,105,62
2014,01,106,186
2014,01,107,376
2014,01,109,1
2014,02,101,7707
2014,02,102,13743
2014,02,103,59
2014,02,104,462
2014,02,105,138
2014,02,106,203
2014,02,107,337
2014,02,109,2
2014,03,101,10773
2014,03,102,16948
2014,03,103,117
2014,03,104,627
2014,03,105,300
2014,03,106,372
2014,03,107,381
2014,03,109,2
2014,04,101,10844
2014,04,102,17480
2014,04,103,65
2014,04,104,495
2014,04,105,390
2014,04,106,283
2014,04,107,356
2014,04,109,4
2014,05,101,10840
2014,05,102,17617
2014,05,103,73
2014,05,104,520
2014,05,105,307
2014,05,106,187
2014,05,107,361
2014,05,109,2
2014,06,101,10836
2014,06,102,18176
2014,06,103,91
2014,06,104,627
2014,06,105,500
2014,06,106,218
2014,06,107,394
2014,06,109,1
2014,07,101,8566
2014,07,102,12924
2014,07,103,144
2014,07,104,419
2014,07,105,246
2014,07,106,152
2014,07,107,332
2014,07,109,8
2014,08,101,9482
2014,08,102,14178
2014,08,103,286
2014,08,104,609
2014,08,105,270
2014,08,106,250
2014,08,107,528
2014,08,109,2
2014,09,101,10703
2014,09,102,15359
2014,09,103,78
2014,09,104,583
2014,09,105,266
2014,09,106,284
2014,09,107,504
2014,09,109,4
2014,10,101,10712
2014,10,102,16940
2014,10,103,86
2014,10,104,702
2014,10,105,456
2014,10,106,171
2014,10,107,523
2014,10,109,4
2014,11,101,9659
2014,11,102,15748
2014,11,103,63
2014,11,104,692
2014,11,105,204
2014,11,106,221
2014,11,107,418
2014,11,109,3
2014,12,101,9610
2014,12,102,16564
2014,12,103,137
2014,12,104,826
2014,12,105,272
2014,12,106,164
2014,12,107,511
2014,12,109,2
2015,01,101,7418
2015,01,102,12547
2015,01,103,78
2015,01,104,579
2015,01,105,214
2015,01,106,125
2015,01,107,335
2015,01,109,3
2015,02,101,8482
2015,02,102,14838
2015,02,103,101
2015,02,104,626
2015,02,105,203
2015,02,106,113
2015,02,107,483
2015,02,109,1
2015,03,101,11885
2015,03,102,19333
2015,03,103,357
2015,03,104,943
2015,03,105,315
2015,03,106,144
2015,03,107,537
2015,03,109,4
2015,04,101,11643
2015,04,102,18486
2015,04,103,286
2015,04,104,504
2015,04,105,355
2015,04,106,168
2015,04,107,600
2015,04,109,5
2015,05,101,11545
2015,05,102,17953
2015,05,103,322
2015,05,104,584
2015,05,105,386
2015,05,106,95
2015,05,107,448
2015,05,109,2
2015,06,101,12434
2015,06,102,19833
2015,06,103,328
2015,06,104,914
2015,06,105,479
2015,06,106,112
2015,06,107,311
2015,06,109,3
2015,07,101,10236
2015,07,102,14472
2015,07,103,256
2015,07,104,596
2015,07,105,279
2015,07,106,77
2015,07,107,325
2015,07,109,1
2015,08,101,10800
2015,08,102,15292
2015,08,103,260
2015,08,104,611
2015,08,105,308
2015,08,106,123
2015,08,107,427
2015,08,109,–
2015,09,101,12128
2015,09,102,16795
2015,09,103,220
2015,09,104,850
2015,09,105,398
2015,09,106,133
2015,09,107,533
2015,09,109,4
2015,10,101,12057
2015,10,102,18570
2015,10,103,202
2015,10,104,775
2015,10,105,504
2015,10,106,105
2015,10,107,457
2015,10,109,5
2015,11,101,11660
2015,11,102,18781
2015,11,103,184
2015,11,104,766
2015,11,105,558
2015,11,106,99
2015,11,107,330
2015,11,109,2
2015,12,101,11288
2015,12,102,19500
2015,12,103,322
2015,12,104,1021
2015,12,105,1753
2015,12,106,76
2015,12,107,332
2015,12,109,1
2016,01,101,8357
2016,01,102,12599
2016,01,103,133
2016,01,104,833
2016,01,105,145
2016,01,106,48
2016,01,107,266
2016,01,109,2
2016,02,101,10426
2016,02,102,15453
2016,02,103,157
2016,02,104,1107
2016,02,105,470
2016,02,106,73
2016,02,107,318
2016,02,109,2
2016,03,101,14243
2016,03,102,18776
2016,03,103,407
2016,03,104,1336
2016,03,105,854
2016,03,106,67
2016,03,107,373
2016,03,109,1
2016,04,101,13471
2016,04,102,19140
2016,04,103,294
2016,04,104,1013
2016,04,105,920
2016,04,106,61
2016,04,107,338
2016,04,109,8
2016,05,101,14962
2016,05,102,18971
2016,05,103,191
2016,05,104,1087
2016,05,105,994
2016,05,106,82
2016,05,107,319
2016,05,109,4
2016,06,101,15179
2016,06,102,20206
2016,06,103,219
2016,06,104,967
2016,06,105,1137
2016,06,106,106
2016,06,107,417
2016,06,109,6
2016,07,101,10818
2016,07,102,12890
2016,07,103,107
2016,07,104,810
2016,07,105,859
2016,07,106,24
2016,07,107,140
2016,07,109,2
2016,08,101,12561
2016,08,102,13721
2016,08,103,153
2016,08,104,1221
2016,08,105,787
2016,08,106,102
2016,08,107,261
2016,08,109,5
2016,09,101,13602
2016,09,102,16291
2016,09,103,419
2016,09,104,1613
2016,09,105,1162
2016,09,106,99
2016,09,107,381
2016,09,109,3
2016,10,101,13443
2016,10,102,17016
2016,10,103,212
2016,10,104,1168
2016,10,105,1023
2016,10,106,35
2016,10,107,291
2016,10,109,10
2016,11,101,13136
2016,11,102,16472
2016,11,103,248
2016,11,104,1128
2016,11,105,1024
2016,11,106,67
2016,11,107,317
2016,11,109,4
2016,12,101,15122
2016,12,102,19522
2016,12,103,453
2016,12,104,1353
2016,12,105,915
2016,12,106,92
2016,12,107,389
2016,12,109,5
2017,01,101,8368
2017,01,102,12922
2017,01,103,260
2017,01,104,1050
2017,01,105,997
2017,01,106,93
2017,01,107,345
2017,01,109,4
2017,02,101,10385
2017,02,102,15169
2017,02,103,228
2017,02,104,1437
2017,02,105,932
2017,02,106,81
2017,02,107,248
2017,02,109,4
2017,03,101,15657
2017,03,102,19984
2017,03,103,579
2017,03,104,2086
2017,03,105,851
2017,03,106,98
2017,03,107,216
2017,03,109,5
2017,04,101,12540
2017,04,102,16570
2017,04,103,396
2017,04,104,1248
2017,04,105,818
2017,04,106,86
2017,04,107,179
2017,04,109,4
2017,05,101,15112
2017,05,102,18678
2017,05,103,400
2017,05,104,1483
2017,05,105,1172
2017,05,106,95
2017,05,107,207
2017,05,109,4
2017,06,101,16237
2017,06,102,20206
2017,06,103,429
2017,06,104,1574
2017,06,105,1185
2017,06,106,77
2017,06,107,170
2017,06,109,3
2017,07,101,11138
2017,07,102,12384
2017,07,103,220
2017,07,104,1230
2017,07,105,996
2017,07,106,33
2017,07,107,158
2017,07,109,5
2017,08,101,12450
2017,08,102,14618
2017,08,103,413
2017,08,104,1691
2017,08,105,1561
2017,08,106,165
2017,08,107,468
2017,08,109,7
2017,09,101,12956
2017,09,102,15340
2017,09,103,491
2017,09,104,1554
2017,09,105,1530
2017,09,106,91
2017,09,107,576
2017,09,109,5
2017,10,101,13524
2017,10,102,15122
2017,10,103,382
2017,10,104,1645
2017,10,105,1937
2017,10,106,122
2017,10,107,492
2017,10,109,2
2017,11,101,14354
2017,11,102,14226
2017,11,103,268
2017,11,104,1629
2017,11,105,2076
2017,11,106,76
2017,11,107,560
2017,11,109,4
2017,12,101,14834
2017,12,102,15848
2017,12,103,293
2017,12,104,2013
2017,12,105,1934
2017,12,106,73
2017,12,107,352
2017,12,109,10
2018,01,101,10493
2018,01,102,9788
2018,01,103,191
2018,01,104,1417
2018,01,105,1576
2018,01,106,59
2018,01,107,289
2018,01,109,2
2018,02,101,12305
2018,02,102,12143
2018,02,103,324
2018,02,104,1177
2018,02,105,1548
2018,02,106,84
2018,02,107,233
2018,02,109,1
2018,03,101,17139
2018,03,102,15538
2018,03,103,749
2018,03,104,2183
2018,03,105,1920
2018,03,106,75
2018,03,107,350
2018,03,109,3
2018,04,101,17310
2018,04,102,13802
2018,04,103,377
2018,04,104,1875
2018,04,105,1789
2018,04,106,69
2018,04,107,376
2018,04,109,3
2018,05,101,19867
2018,05,102,14988
2018,05,103,293
2018,05,104,2179
2018,05,105,1711
2018,05,106,57
2018,05,107,348
2018,05,109,3
2018,06,101,32231
2018,06,102,29301
2018,06,103,337
2018,06,104,2842
2018,06,105,2381
2018,06,106,130
2018,06,107,328
2018,06,109,3
2018,07,101,6937
2018,07,102,3155
2018,07,103,533
2018,07,104,944
2018,07,105,1909
2018,07,106,30
2018,07,107,290
2018,07,109,–
2018,08,101,12888
2018,08,102,7737
2018,08,103,565
2018,08,104,1697
2018,08,105,1989
2018,08,106,384
2018,08,107,504
2018,08,109,1
2018,09,101,9524
2018,09,102,6082
2018,09,103,667
2018,09,104,1655
2018,09,105,1725
2018,09,106,27
2018,09,107,205
2018,09,109,1
2018,10,101,11702
2018,10,102,7753
2018,10,103,806
2018,10,104,1836
2018,10,105,1874
2018,10,106,32
2018,10,107,120
2018,10,109,5
2018,11,101,12432
2018,11,102,8945
2018,11,103,1211
2018,11,104,1835
2018,11,105,1792
2018,11,106,36
2018,11,107,100
2018,11,109,6
2018,12,101,10980
2018,12,102,8177
2018,12,103,1094
2018,12,104,1380
2018,12,105,1597
2018,12,106,37
2018,12,107,145
2018,12,109,4
2019,01,101,8835
2019,01,102,8113
2019,01,103,1103
2019,01,104,1367
2019,01,105,1577
2019,01,106,17
2019,01,107,104
2019,01,109,1
2019,02,101,10830
2019,02,102,8827
2019,02,103,902
2019,02,104,1226
2019,02,105,1900
2019,02,106,8
2019,02,107,96
2019,02,109,–
2019,03,101,13912
2019,03,102,10770
2019,03,103,2107
2019,03,104,1783
2019,03,105,2292
2019,03,106,12
2019,03,107,202
2019,03,109,1
2019,04,101,13946
2019,04,102,11981
2019,04,103,1377
2019,04,104,2144
2019,04,105,1711
2019,04,106,7
2019,04,107,281
2019,04,109,4
2019,05,101,15588
2019,05,102,11673
2019,05,103,1255
2019,05,104,2614
2019,05,105,1655
2019,05,106,15
2019,05,107,447
2019,05,109,3
2019,06,101,15827
2019,06,102,10813
2019,06,103,1692
2019,06,104,2418
2019,06,105,1748
2019,06,106,6
2019,06,107,610
2019,06,109,5
2019,07,101,12311
2019,07,102,7959
2019,07,103,1083
2019,07,104,1934
2019,07,105,1307
2019,07,106,4
2019,07,107,351
2019,07,109,2
2019,08,101,14958
2019,08,102,9274
2019,08,103,971
2019,08,104,2460
2019,08,105,1668
2019,08,106,207
2019,08,107,953
2019,08,109,2
2019,09,101,13196
2019,09,102,7891
2019,09,103,1764
2019,09,104,2170
2019,09,105,1874
2019,09,106,181
2019,09,107,649
2019,09,109,3
2019,10,101,14070
2019,10,102,9764
2019,10,103,848
2019,10,104,2457
2019,10,105,2696
2019,10,106,126
2019,10,107,532
2019,10,109,–
2019,11,101,14133
2019,11,102,9692
2019,11,103,1062
2019,11,104,2435
2019,11,105,3256
2019,11,106,182
2019,11,107,364
2019,11,109,2
2019,12,101,24299
2019,12,102,15982
2019,12,103,1631
2019,12,104,2444
2019,12,105,3223
2019,12,106,402
2019,12,107,382
2019,12,109,2
2020,01,101,6732
2020,01,102,4088
2020,01,103,1268
2020,01,104,1140
2020,01,105,4113
2020,01,106,5
2020,01,107,443
2020,01,109,1
2020,02,101,8927
2020,02,102,6084
2020,02,103,1430
2020,02,104,1657
2020,02,105,4027
2020,02,106,7
2020,02,107,355
2020,02,109,2
2020,03,101,11431
2020,03,102,7284
2020,03,103,3015
2020,03,104,1710
2020,03,105,4753
2020,03,106,7
2020,03,107,330
2020,03,109,5
2020,04,101,8730
2020,04,102,5223
2020,04,103,1049
2020,04,104,1341
2020,04,105,3233
2020,04,106,5
2020,04,107,247
2020,04,109,3
2020,05,101,7628
2020,05,102,4445
2020,05,103,841
2020,05,104,1263
2020,05,105,2591
2020,05,106,5
2020,05,107,126
2020,05,109,–
2020,06,101,11255
2020,06,102,7082
2020,06,103,1706
2020,06,104,1152
2020,06,105,4696
2020,06,106,4
2020,06,107,159
2020,06,109,4
2020,07,101,9769
2020,07,102,5685
2020,07,103,1307
2020,07,104,1529
2020,07,105,5414
2020,07,106,7
2020,07,107,90
2020,07,109,3
2020,08,101,10416
2020,08,102,5558
2020,08,103,2120
2020,08,104,2624
2020,08,105,5301
2020,08,106,13
2020,08,107,513
2020,08,109,–
2020,09,101,10792
2020,09,102,5716
2020,09,103,3678
2020,09,104,2960
2020,09,105,6233
2020,09,106,7
2020,09,107,401
2020,09,109,4
2020,10,101,10467
2020,10,102,5356
2020,10,103,2345
2020,10,104,2623
2020,10,105,7849
2020,10,106,6
2020,10,107,389
2020,10,109,2
2020,11,101,9457
2020,11,102,4974
2020,11,103,2729
2020,11,104,2452
2020,11,105,7590
2020,11,106,1
2020,11,107,240
2020,11,109,–
2020,12,101,9036
2020,12,102,6578
2020,12,103,6609
2020,12,104,2180
2020,12,105,10334
2020,12,106,3
2020,12,107,232
2020,12,109,2
2021,01,101,7718
2021,01,102,4947
2021,01,103,1161
2021,01,104,1635
2021,01,105,5898
2021,01,106,5
2021,01,107,111
2021,01,109,1
2021,02,101,8799
2021,02,102,4961
2021,02,103,1416
2021,02,104,1643
2021,02,105,6598
2021,02,106,3
2021,02,107,163
2021,02,109,3
2021,03,101,16807
2021,03,102,10875
2021,03,103,2625
2021,03,104,3301
2021,03,105,14963
2021,03,106,8
2021,03,107,142
2021,03,109,2
2021,04,101,7758
2021,04,102,3729
2021,04,103,4888
2021,04,104,1992
2021,04,105,4578
2021,04,106,51
2021,04,107,135
2021,04,109,2
2021,05,101,8971
2021,05,102,4561
2021,05,103,3972
2021,05,104,2404
2021,05,105,5558
2021,05,106,94
2021,05,107,146
2021,05,109,7
2021,06,101,10343
2021,06,102,6173
2021,06,103,8706
2021,06,104,2922
2021,06,105,9146
2021,06,106,177
2021,06,107,166
2021,06,109,5
2021,07,101,6588
2021,07,102,3122
2021,07,103,2556
2021,07,104,1730
2021,07,105,3808
2021,07,106,209
2021,07,107,89
2021,07,109,8
2021,08,101,6340
2021,08,102,3059
2021,08,103,4806
2021,08,104,1865
2021,08,105,4561
2021,08,106,127
2021,08,107,162
2021,08,109,5
2021,09,101,6415
2021,09,102,3016
2021,09,103,7486
2021,09,104,1742
2021,09,105,4778
2021,09,106,167
2021,09,107,140
2021,09,109,1
2021,10,101,6077
2021,10,102,2790
2021,10,103,4634
2021,10,104,1491
2021,10,105,5634
2021,10,106,182
2021,10,107,106
2021,10,109,2
2021,11,101,5789
2021,11,102,3089
2021,11,103,5549
2021,11,104,1518
2021,11,105,5979
2021,11,106,112
2021,11,107,56
2021,11,109,1
2021,12,101,5865
2021,12,102,3412
2021,12,103,10082
2021,12,104,1894
2021,12,105,6699
2021,12,106,165
2021,12,107,132
2021,12,109,6
2022,01,101,5104
2022,01,102,2809
2022,01,103,5221
2022,01,104,1790
2022,01,105,5378
2022,01,106,87
2022,01,107,135
2022,01,109,3
2022,02,101,5368
2022,02,102,3135
2022,02,103,5491
2022,02,104,2045
2022,02,105,5509
2022,02,106,247
2022,02,107,122
2022,02,109,–
2022,03,101,6737
2022,03,102,3913
2022,03,103,9254
2022,03,104,2786
2022,03,105,6826
2022,03,106,266
2022,03,107,109
2022,03,109,2
2022,04,101,5968
2022,04,102,3492
2022,04,103,5500
2022,04,104,2735
2022,04,105,5154
2022,04,106,143
2022,04,107,51
2022,04,109,7
2022,05,101,7786
2022,05,102,4369
2022,05,103,6529
2022,05,104,2582
2022,05,105,6146
2022,05,106,238
2022,05,107,86
2022,05,109,–
2022,06,101,6490
2022,06,102,3998
2022,06,103,8365
2022,06,104,2024
2022,06,105,6159
2022,06,106,180
2022,06,107,155
2022,06,109,3
2022,07,101,5672
2022,07,102,2249
2022,07,103,4792
2022,07,104,1600
2022,07,105,4259
2022,07,106,175
2022,07,107,39
2022,07,109,3
2022,08,101,5975
2022,08,102,2578
2022,08,103,5927
2022,08,104,2707
2022,08,105,3668
2022,08,106,288
2022,08,107,346
2022,08,109,4
2022,09,101,5016
2022,09,102,2698
2022,09,103,7871
2022,09,104,2382
2022,09,105,4387
2022,09,106,402
2022,09,107,286
2022,09,109,5
2022,10,101,4523
2022,10,102,2471
2022,10,103,8036
2022,10,104,2266
2022,10,105,5381
2022,10,106,233
2022,10,107,306
2022,10,109,4
2022,11,101,4238
2022,11,102,2530
2022,11,103,10970
2022,11,104,2506
2022,11,105,5660
2022,11,106,237
2022,11,107,149
2022,11,109,5
2022,12,101,4370
2022,12,102,2546
2022,12,103,18207
2022,12,104,2161
2022,12,105,8248
2022,12,106,212
2022,12,107,135
2022,12,109,–
2023,01,101,3602
2023,01,102,1863
2023,01,103,4333
2023,01,104,1776
2023,01,105,3465
2023,01,106,119
2023,01,107,123
2023,01,109,1
2023,02,101,4256
2023,02,102,2217
2023,02,103,6212
2023,02,104,1914
2023,02,105,3864
2023,02,106,445
2023,02,107,130
2023,02,109,2
2023,03,101,6452
2023,03,102,2549
2023,03,103,12644
2023,03,104,3073
2023,03,105,5542
2023,03,106,563
2023,03,107,132
2023,03,109,5
2023,04,101,5148
2023,04,102,2347
2023,04,103,6983
2023,04,104,1855
2023,04,105,4561
2023,04,106,403
2023,04,107,116
2023,04,109,–
2023,05,101,6324
2023,05,102,2641
2023,05,103,11696
2023,05,104,2176
2023,05,105,5991
2023,05,106,320
2023,05,107,232
2023,05,109,4
2023,06,101,6895
2023,06,102,2524
2023,06,103,11005
2023,06,104,2337
2023,06,105,5806
2023,06,106,337
2023,06,107,226
2023,06,109,2
2023,07,101,4246
2023,07,102,1684
2023,07,103,6528
2023,07,104,1329
2023,07,105,3896
2023,07,106,324
2023,07,107,64
2023,07,109,2
2023,08,101,5480
2023,08,102,2024
2023,08,103,9832
2023,08,104,2193
2023,08,105,4575
2023,08,106,226
2023,08,107,247
2023,08,109,1
2023,09,101,5820
2023,09,102,2393
2023,09,103,12552
2023,09,104,2251
2023,09,105,5351
2023,09,106,318
2023,09,107,204
2023,09,109,4
2023,10,101,5488
2023,10,102,2094
2023,10,103,9454
2023,10,104,2328
2023,10,105,5762
2023,10,106,420
2023,10,107,182
2023,10,109,2
2023,11,101,5024
2023,11,102,1960
2023,11,103,10128
2023,11,104,2803
2023,11,105,5321
2023,11,106,469
2023,11,107,222
2023,11,109,1
2023,12,101,6042
2023,12,102,2202
2023,12,103,11408
2023,12,104,2505
2023,12,105,7101
2023,12,106,278
2023,12,107,156
2023,12,109,2
2024,01,101,4078
2024,01,102,1890
2024,01,103,5068
2024,01,104,2059
2024,01,105,4095
2024,01,106,440
2024,01,107,177
2024,01,109,2
2024,02,101,4868
2024,02,102,1761
2024,02,103,5244
2024,02,104,2158
2024,02,105,4500
2024,02,106,575
2024,02,107,139
2024,02,109,5
2024,03,101,5862
2024,03,102,1902
2024,03,103,8381
2024,03,104,2073
2024,03,105,5556
2024,03,106,462
2024,03,107,241
2024,03,109,4
2024,04,101,5483
2024,04,102,1819
2024,04,103,6845
2024,04,104,2254
2024,04,105,5744
2024,04,106,363
2024,04,107,217
2024,04,109,1
2024,05,101,6984
2024,05,102,2252
2024,05,103,7648
2024,05,104,2714
2024,05,105,5842
2024,05,106,377
2024,05,107,127
2024,05,109,3
2024,06,101,6930
2024,06,102,2141
2024,06,103,9135
2024,06,104,2241
2024,06,105,5252
2024,06,106,304
2024,06,107,86
2024,06,109,7
2024,07,101,3970
2024,07,102,1690
2024,07,103,5530
2024,07,104,1375
2024,07,105,4244
2024,07,106,136
2024,07,107,9
2024,07,109,2
2024,08,101,4822
2024,08,102,1855
2024,08,103,6819
2024,08,104,2091
2024,08,105,3881
2024,08,106,198
2024,08,107,39
2024,08,109,6
2024,09,101,5825
2024,09,102,1521
2024,09,103,11566
2024,09,104,1966
2024,09,105,5223
2024,09,106,278
2024,09,107,36
2024,09,109,3
2024,10,101,5735
2024,10,102,1745
2024,10,103,8819
2024,10,104,2223
2024,10,105,6811
2024,10,106,333
2024,10,107,15
2024,10,109,1
2024,11,101,5896
2024,11,102,1677
2024,11,103,9050
2024,11,104,2170
2024,11,105,6328
2024,11,106,302
2024,11,107,18
2024,11,109,2
2024,12,101,5996
2024,12,102,1905
2024,12,103,10734
2024,12,104,2144
2024,12,105,5798
2024,12,106,238
2024,12,107,2
2024,12,109,2
2025,01,101,5185
2025,01,102,1378
2025,01,103,5722
2025,01,104,1824
2025,01,105,4513
2025,01,106,1682
2025,01,107,–
2025,01,109,4
2025,02,101,4994
2025,02,102,1525
2025,02,103,6928
2025,02,104,1620
2025,02,105,5133
2025,02,106,6
2025,02,107,1
2025,02,109,2
2025,03,101,6018
2025,03,102,2023
2025,03,103,8435
2025,03,104,2127
2025,03,105,6339
2025,03,106,10
2025,03,107,2
2025,03,109,5
2025,04,101,5707
2025,04,102,2169
2025,04,103,8606
2025,04,104,1885
2025,04,105,6849
2025,04,106,11
2025,04,107,1
2025,04,109,4
2025,05,101,5976
2025,05,102,2079
2025,05,103,9526
2025,05,104,2209
2025,05,105,6811
2025,05,106,4
2025,05,107,–
2025,05,109,2
2025,06,101,6527
2025,06,102,2180
2025,06,103,10845
2025,06,104,1773
2025,06,105,7298
2025,06,106,9
2025,06,107,1
2025,06,109,4
2025,07,101,4586
2025,07,102,1644
2025,07,103,6224
2025,07,104,1288
2025,07,105,4865
2025,07,106,5
2025,07,107,3
2025,07,109,2
2025,08,101,4774
2025,08,102,1824
2025,08,103,6790
2025,08,104,2260
2025,08,105,5159
2025,08,106,5
2025,08,107,1
2025,08,109,1
2025,09,101,5208
2025,09,102,1620
2025,09,103,9658
2025,09,104,2002
2025,09,105,7667
2025,09,106,5
2025,09,107,–
2025,09,109,3
2025,10,101,5125
2025,10,102,1910
2025,10,103,8772
2025,10,104,2184
2025,10,105,7166
2025,10,106,33
2025,10,107,1
2025,10,109,3
2025,11,101,4389
2025,11,102,1565
2025,11,103,8539
2025,11,104,2047
2025,11,105,5299
2025,11,106,73
2025,11,107,1
2025,11,109,2
2025,12,101,4221
2025,12,102,1485
2025,12,103,10320
2025,12,104,2385
2025,12,105,6124
2025,12,106,83
2025,12,107,2
2025,12,109,1
2026,01,101,3434
2026,01,102,1153
2026,01,103,6750
2026,01,104,1609
2026,01,105,3630
2026,01,106,88
2026,01,107,2
2026,01,109,1
2026,02,101,4126
2026,02,102,1576
2026,02,103,7686
2026,02,104,1568
2026,02,105,4948
2026,02,106,101
2026,02,107,–
2026,02,109,–
2026,03,101,5893
2026,03,102,2039
2026,03,103,10926
2026,03,104,2032
2026,03,105,6545
2026,03,106,142
2026,03,107,1
2026,03,109,1
2026,04,101,4873
2026,04,102,2172
2026,04,103,9886
2026,04,104,2257
2026,04,105,5843
2026,04,106,131
2026,04,107,1
2026,04,109,6
2026,05,101,5418
2026,05,102,2057
2026,05,103,10770
2026,05,104,2001
2026,05,105,6680
2026,05,106,77
2026,05,107,1
2026,05,109,3
2026,06,101,6171
2026,06,102,2350
2026,06,103,13062
2026,06,104,1837
2026,06,105,7580
2026,06,106,77
2026,06,107,1
2026,06,109,5
2026,07,101,3868
2026,07,102,1742
2026,07,103,8004
2026,07,104,1521
2026,07,105,4489
2026,07,106,55
2026,07,107,2
2026,07,109,6
2026,08,101,4613
2026,08,102,1434
2026,08,103,10118
2026,08,104,2132
2026,08,105,5037
2026,08,106,63
2026,08,107,2
2026,08,109,3