ar,reglan,drivmedel,nyregunder,itrfslut
2010,01,101,24588,581685
2010,03,101,3368,118904
2010,04,101,2773,108051
2010,05,101,4379,160657
2010,06,101,4911,134606
2010,07,101,2479,74660
2010,08,101,2446,100781
2010,09,101,441,28997
2010,10,101,1487,67560
2010,12,101,17515,478361
2010,13,101,3999,125488
2010,14,101,21834,564916
2010,17,101,2600,117395
2010,18,101,2695,112523
2010,19,101,2344,100848
2010,20,101,2425,125808
2010,21,101,2550,118104
2010,22,101,1716,102778
2010,23,101,634,54948
2010,24,101,1504,99079
2010,25,101,1540,103442
2010,aa,101,0,16
2010,t1,101,108228,3479607
2010,01,102,37842,133678
2010,03,102,5421,19870
2010,04,102,3558,14564
2010,05,102,5952,24564
2010,06,102,6597,23706
2010,07,102,3464,12524
2010,08,102,2951,14534
2010,09,102,542,2621
2010,10,102,1663,6615
2010,12,102,18142,67816
2010,13,102,4930,20658
2010,14,102,30963,102807
2010,17,102,4402,20886
2010,18,102,4419,16154
2010,19,102,3088,13592
2010,20,102,4057,19677
2010,21,102,3892,17044
2010,22,102,3675,18246
2010,23,102,1718,10882
2010,24,102,3474,19508
2010,25,102,3531,26613
2010,aa,102,1,11
2010,t1,102,154282,606570
2010,01,103,4,43
2010,03,103,0,3
2010,04,103,0,7
2010,05,103,0,4
2010,06,103,0,3
2010,07,103,0,5
2010,08,103,0,3
2010,09,103,0,3
2010,10,103,0,1
2010,12,103,4,25
2010,13,103,0,7
2010,14,103,3,52
2010,17,103,0,6
2010,18,103,0,6
2010,19,103,0,4
2010,20,103,0,2
2010,21,103,0,10
2010,22,103,0,2
2010,23,103,0,3
2010,24,103,0,1
2010,25,103,0,0
2010,t1,103,11,190
2010,01,104,1607,9380
2010,03,104,98,500
2010,04,104,61,397
2010,05,104,157,662
2010,06,104,131,433
2010,07,104,45,236
2010,08,104,63,323
2010,09,104,9,39
2010,10,104,23,121
2010,12,104,423,2007
2010,13,104,81,384
2010,14,104,609,2782
2010,17,104,53,198
2010,18,104,83,355
2010,19,104,30,228
2010,20,104,42,220
2010,21,104,65,320
2010,22,104,38,153
2010,23,104,12,108
2010,24,104,53,211
2010,25,104,37,152
2010,aa,104,0,1
2010,t1,104,3720,19210
2010,01,106,10579,66721
2010,03,106,946,5692
2010,04,106,713,4919
2010,05,106,1571,8449
2010,06,106,1418,6404
2010,07,106,718,4300
2010,08,106,811,4661
2010,09,106,147,717
2010,10,106,725,3476
2010,12,106,3769,21961
2010,13,106,831,5302
2010,14,106,7367,34791
2010,17,106,848,5011
2010,18,106,803,5199
2010,19,106,807,4867
2010,20,106,673,4510
2010,21,106,787,4436
2010,22,106,703,4556
2010,23,106,226,1544
2010,24,106,613,4157
2010,25,106,410,2781
2010,aa,106,0,2
2010,t1,106,35465,204456
2010,01,107,2851,9001
2010,03,107,183,335
2010,04,107,150,592
2010,05,107,250,1466
2010,06,107,197,702
2010,07,107,88,92
2010,08,107,61,240
2010,09,107,10,46
2010,10,107,52,157
2010,12,107,1191,3917
2010,13,107,180,739
2010,14,107,1268,5916
2010,17,107,70,148
2010,18,107,164,632
2010,19,107,120,293
2010,20,107,11,49
2010,21,107,44,73
2010,22,107,58,95
2010,23,107,17,213
2010,24,107,33,125
2010,25,107,7,142
2010,t1,107,7005,24973
2010,01,109,5,26
2010,03,109,1,3
2010,04,109,1,1
2010,05,109,1,11
2010,06,109,0,11
2010,07,109,0,3
2010,08,109,1,4
2010,09,109,0,2
2010,10,109,0,1
2010,12,109,1,20
2010,13,109,1,8
2010,14,109,2,45
2010,17,109,3,7
2010,18,109,2,2
2010,19,109,1,4
2010,20,109,1,5
2010,21,109,1,5
2010,22,109,1,3
2010,23,109,0,4
2010,24,109,0,2
2010,25,109,1,9
2010,t1,109,23,176
2010,01,t1,77476,800534
2010,03,t1,10017,145307
2010,04,t1,7256,128531
2010,05,t1,12310,195813
2010,06,t1,13254,165865
2010,07,t1,6794,91820
2010,08,t1,6333,120546
2010,09,t1,1149,32425
2010,10,t1,3950,77931
2010,12,t1,41045,574107
2010,13,t1,10022,152586
2010,14,t1,62046,711309
2010,17,t1,7976,143651
2010,18,t1,8166,134871
2010,19,t1,6390,119836
2010,20,t1,7209,150271
2010,21,t1,7339,139992
2010,22,t1,6191,125833
2010,23,t1,2607,67702
2010,24,t1,5677,123083
2010,25,t1,5526,133139
2010,aa,t1,1,30
2010,t1,t1,308734,4335182
2011,01,101,24251,559010
2011,03,101,3000,114450
2011,04,101,2932,105415
2011,05,101,4490,154901
2011,06,101,4744,130298
2011,07,101,2454,71972
2011,08,101,2464,97906
2011,09,101,418,28573
2011,10,101,1564,65593
2011,12,101,17145,462534
2011,13,101,4196,121968
2011,14,101,21175,544275
2011,17,101,2475,113354
2011,18,101,2693,109213
2011,19,101,2491,98460
2011,20,101,2424,122387
2011,21,101,2302,114575
2011,22,101,1801,98940
2011,23,101,570,53438
2011,24,101,1510,96523
2011,25,101,1353,100383
2011,aa,101,0,28
2011,t1,101,106452,3364196
2011,01,102,51827,174510
2011,03,102,5838,24904
2011,04,102,4505,18705
2011,05,102,7929,31181
2011,06,102,7963,29298
2011,07,102,4193,15585
2011,08,102,4136,18103
2011,09,102,631,3249
2011,10,102,1963,8629
2011,12,102,23568,87476
2011,13,102,6533,26304
2011,14,102,36682,130262
2011,17,102,5167,25503
2011,18,102,5191,20687
2011,19,102,4429,17657
2011,20,102,4760,23901
2011,21,102,4686,20730
2011,22,102,4657,22493
2011,23,102,2055,12758
2011,24,102,4364,23363
2011,25,102,4076,30723
2011,aa,102,0,21
2011,t1,102,195153,766042
2011,01,103,49,88
2011,03,103,1,4
2011,04,103,2,9
2011,05,103,2,8
2011,06,103,6,11
2011,07,103,9,11
2011,08,103,4,9
2011,09,103,0,4
2011,10,103,2,4
2011,12,103,26,39
2011,13,103,2,9
2011,14,103,52,104
2011,17,103,1,6
2011,18,103,4,12
2011,19,103,3,7
2011,20,103,5,7
2011,21,103,1,12
2011,22,103,4,6
2011,23,103,9,12
2011,24,103,2,3
2011,25,103,1,1
2011,t1,103,185,366
2011,01,104,1271,10091
2011,03,104,59,599
2011,04,104,86,474
2011,05,104,98,774
2011,06,104,128,499
2011,07,104,32,260
2011,08,104,35,356
2011,09,104,3,52
2011,10,104,15,144
2011,12,104,329,2265
2011,13,104,53,462
2011,14,104,481,3098
2011,17,104,55,260
2011,18,104,102,422
2011,19,104,11,249
2011,20,104,38,278
2011,21,104,39,358
2011,22,104,21,181
2011,23,104,2,123
2011,24,104,44,258
2011,25,104,25,186
2011,t1,104,2927,21389
2011,01,106,5112,61888
2011,03,106,337,6970
2011,04,106,316,5816
2011,05,106,582,9468
2011,06,106,604,7359
2011,07,106,378,5164
2011,08,106,309,5426
2011,09,106,67,846
2011,10,106,317,4176
2011,12,106,1725,24074
2011,13,106,350,6102
2011,14,106,2370,37547
2011,17,106,534,5997
2011,18,106,296,6085
2011,19,106,320,5605
2011,20,106,341,5398
2011,21,106,388,5166
2011,22,106,422,5290
2011,23,106,55,1779
2011,24,106,269,4725
2011,25,106,191,3291
2011,aa,106,0,3
2011,t1,106,15283,218175
2011,01,107,2501,11935
2011,03,107,98,472
2011,04,107,137,683
2011,05,107,297,1671
2011,06,107,172,844
2011,07,107,83,148
2011,08,107,66,277
2011,09,107,10,71
2011,10,107,22,187
2011,12,107,1111,4786
2011,13,107,137,835
2011,14,107,1451,6807
2011,17,107,43,204
2011,18,107,99,690
2011,19,107,168,432
2011,20,107,8,58
2011,21,107,42,111
2011,22,107,125,211
2011,23,107,13,242
2011,24,107,32,155
2011,25,107,3,173
2011,t1,107,6618,30992
2011,01,109,6,32
2011,03,109,1,4
2011,04,109,0,1
2011,05,109,0,9
2011,06,109,1,13
2011,07,109,4,7
2011,08,109,0,5
2011,09,109,0,1
2011,10,109,0,1
2011,12,109,7,25
2011,13,109,2,9
2011,14,109,6,47
2011,17,109,0,6
2011,18,109,0,3
2011,19,109,0,4
2011,20,109,1,4
2011,21,109,2,6
2011,22,109,1,4
2011,23,109,0,5
2011,24,109,0,1
2011,25,109,0,5
2011,t1,109,31,192
2011,01,t1,85017,817554
2011,03,t1,9334,147403
2011,04,t1,7978,131103
2011,05,t1,13398,198012
2011,06,t1,13618,168322
2011,07,t1,7153,93147
2011,08,t1,7014,122082
2011,09,t1,1129,32796
2011,10,t1,3883,78734
2011,12,t1,43911,581199
2011,13,t1,11273,155689
2011,14,t1,62217,722140
2011,17,t1,8275,145330
2011,18,t1,8385,137112
2011,19,t1,7422,122414
2011,20,t1,7577,152033
2011,21,t1,7460,140958
2011,22,t1,7031,127125
2011,23,t1,2704,68357
2011,24,t1,6221,125028
2011,25,t1,5649,134762
2011,aa,t1,0,52
2011,t1,t1,326649,4401352
2012,01,101,21313,534670
2012,03,101,2873,110216
2012,04,101,2348,102117
2012,05,101,3965,149028
2012,06,101,3704,125308
2012,07,101,1945,69311
2012,08,101,2250,94667
2012,09,101,404,27961
2012,10,101,1388,63155
2012,12,101,13821,445843
2012,13,101,3606,117609
2012,14,101,17401,520681
2012,17,101,2221,108972
2012,18,101,2539,105330
2012,19,101,2131,95518
2012,20,101,1989,118729
2012,21,101,1962,110680
2012,22,101,1501,94680
2012,23,101,524,51866
2012,24,101,1364,93579
2012,25,101,1316,96876
2012,aa,101,0,18
2012,t1,101,90565,3236814
2012,01,102,57225,214873
2012,03,102,6397,30251
2012,04,102,4051,22710
2012,05,102,7381,37972
2012,06,102,7335,35076
2012,07,102,3941,18565
2012,08,102,4061,21511
2012,09,102,612,3826
2012,10,102,1951,10836
2012,12,102,22853,107113
2012,13,102,6019,31639
2012,14,102,35009,155509
2012,17,102,4944,30387
2012,18,102,5309,25493
2012,19,102,4428,21880
2012,20,102,4505,28584
2012,21,102,4433,24694
2012,22,102,4575,26406
2012,23,102,2014,14619
2012,24,102,4031,27183
2012,25,102,4356,35049
2012,aa,102,0,21
2012,t1,102,195430,924197
2012,01,103,126,210
2012,03,103,7,12
2012,04,103,2,11
2012,05,103,6,14
2012,06,103,2,13
2012,07,103,2,13
2012,08,103,1,10
2012,09,103,2,5
2012,10,103,1,5
2012,12,103,18,59
2012,13,103,1,8
2012,14,103,68,150
2012,17,103,3,9
2012,18,103,3,12
2012,19,103,2,8
2012,20,103,6,15
2012,21,103,4,13
2012,22,103,4,10
2012,23,103,3,18
2012,24,103,2,6
2012,25,103,1,2
2012,t1,103,264,603
2012,01,104,1204,10660
2012,03,104,73,705
2012,04,104,77,582
2012,05,104,91,876
2012,06,104,101,561
2012,07,104,23,298
2012,08,104,33,359
2012,09,104,20,75
2012,10,104,16,154
2012,12,104,383,2544
2012,13,104,68,554
2012,14,104,563,3564
2012,17,104,45,319
2012,18,104,97,495
2012,19,104,24,303
2012,20,104,42,339
2012,21,104,59,405
2012,22,104,19,221
2012,23,104,10,132
2012,24,104,65,319
2012,25,104,29,234
2012,t1,104,3042,23699
2012,01,105,263,286
2012,03,105,19,15
2012,04,105,11,10
2012,05,105,38,34
2012,06,105,18,17
2012,07,105,10,10
2012,08,105,4,5
2012,09,105,5,5
2012,10,105,6,5
2012,12,105,79,69
2012,13,105,19,17
2012,14,105,109,105
2012,17,105,5,6
2012,18,105,9,7
2012,19,105,8,7
2012,20,105,11,12
2012,21,105,14,13
2012,22,105,9,8
2012,23,105,4,4
2012,24,105,9,8
2012,25,105,8,8
2012,t1,105,658,651
2012,01,106,1636,55355
2012,03,106,160,8036
2012,04,106,87,6495
2012,05,106,285,10384
2012,06,106,181,8143
2012,07,106,201,5852
2012,08,106,157,6092
2012,09,106,16,976
2012,10,106,212,4719
2012,12,106,581,25810
2012,13,106,130,6662
2012,14,106,986,38751
2012,17,106,216,6747
2012,18,106,173,6775
2012,19,106,172,6312
2012,20,106,166,6166
2012,21,106,136,5725
2012,22,106,231,5895
2012,23,106,19,1949
2012,24,106,81,5287
2012,25,106,78,3736
2012,aa,106,0,1
2012,t1,106,5904,225868
2012,01,107,2059,13381
2012,03,107,103,596
2012,04,107,96,771
2012,05,107,286,1934
2012,06,107,179,1024
2012,07,107,48,191
2012,08,107,59,336
2012,09,107,2,85
2012,10,107,31,211
2012,12,107,888,5411
2012,13,107,113,957
2012,14,107,1176,7504
2012,17,107,48,273
2012,18,107,74,755
2012,19,107,131,491
2012,20,107,9,77
2012,21,107,46,180
2012,22,107,29,234
2012,23,107,15,273
2012,24,107,37,208
2012,25,107,6,229
2012,t1,107,5435,35121
2012,01,109,4,34
2012,03,109,1,4
2012,04,109,2,4
2012,05,109,3,11
2012,06,109,1,10
2012,07,109,2,6
2012,08,109,1,6
2012,09,109,0,1
2012,10,109,1,1
2012,12,109,5,31
2012,13,109,1,8
2012,14,109,4,48
2012,17,109,4,8
2012,18,109,0,3
2012,19,109,1,2
2012,20,109,2,6
2012,21,109,0,5
2012,22,109,0,4
2012,23,109,1,5
2012,24,109,3,4
2012,25,109,1,11
2012,t1,109,37,212
2012,01,t1,83830,829469
2012,03,t1,9633,149835
2012,04,t1,6674,132700
2012,05,t1,12055,200253
2012,06,t1,11521,170152
2012,07,t1,6172,94246
2012,08,t1,6566,122986
2012,09,t1,1061,32934
2012,10,t1,3606,79086
2012,12,t1,38628,586880
2012,13,t1,9957,157454
2012,14,t1,55316,726312
2012,17,t1,7486,146721
2012,18,t1,8204,138870
2012,19,t1,6897,124521
2012,20,t1,6730,153928
2012,21,t1,6654,141715
2012,22,t1,6368,127458
2012,23,t1,2590,68866
2012,24,t1,5592,126594
2012,25,t1,5795,136145
2012,aa,t1,0,40
2012,t1,t1,301335,4447165
2013,01,101,23915,515944
2013,03,101,3429,105972
2013,04,101,2869,99053
2013,05,101,4216,143883
2013,06,101,4204,120579
2013,07,101,2216,66968
2013,08,101,2381,91781
2013,09,101,443,27598
2013,10,101,1434,61048
2013,12,101,15737,433739
2013,13,101,4126,114296
2013,14,101,19728,500913
2013,17,101,2420,104789
2013,18,101,2879,101987
2013,19,101,2656,92620
2013,20,101,2360,115432
2013,21,101,2318,107311
2013,22,101,1783,91251
2013,23,101,562,50347
2013,24,101,1675,90829
2013,25,101,1500,93790
2013,aa,101,0,21
2013,t1,101,102851,3130151
2013,01,102,53785,247562
2013,03,102,5961,33995
2013,04,102,3958,26930
2013,05,102,6637,44618
2013,06,102,6768,41006
2013,07,102,3635,21756
2013,08,102,3440,25113
2013,09,102,436,4373
2013,10,102,1595,13058
2013,12,102,21032,125671
2013,13,102,5135,36327
2013,14,102,28388,177260
2013,17,102,4171,34731
2013,18,102,4732,30287
2013,19,102,4317,26137
2013,20,102,3887,33019
2013,21,102,3933,28853
2013,22,102,4077,30562
2013,23,102,2008,16536
2013,24,102,3753,30790
2013,25,102,3793,39426
2013,aa,102,0,28
2013,t1,102,175441,1068038
2013,01,103,123,330
2013,03,103,7,20
2013,04,103,4,16
2013,05,103,7,20
2013,06,103,9,18
2013,07,103,2,14
2013,08,103,4,12
2013,09,103,3,8
2013,10,103,4,7
2013,12,103,39,91
2013,13,103,8,22
2013,14,103,181,304
2013,17,103,2,5
2013,18,103,4,16
2013,19,103,4,11
2013,20,103,15,29
2013,21,103,11,26
2013,22,103,2,10
2013,23,103,12,32
2013,24,103,8,14
2013,25,103,3,5
2013,t1,103,452,1010
2013,01,104,2126,12522
2013,03,104,154,845
2013,04,104,150,766
2013,05,104,194,1063
2013,06,104,104,644
2013,07,104,51,336
2013,08,104,51,381
2013,09,104,27,106
2013,10,104,20,194
2013,12,104,676,3123
2013,13,104,119,644
2013,14,104,869,4241
2013,17,104,77,389
2013,18,104,117,585
2013,19,104,33,381
2013,20,104,52,420
2013,21,104,126,541
2013,22,104,51,283
2013,23,104,30,182
2013,24,104,84,393
2013,25,104,59,318
2013,t1,104,5170,28357
2013,01,105,465,773
2013,03,105,42,46
2013,04,105,17,24
2013,05,105,31,61
2013,06,105,22,37
2013,07,105,13,15
2013,08,105,14,19
2013,09,105,5,10
2013,10,105,8,11
2013,12,105,102,145
2013,13,105,24,33
2013,14,105,219,267
2013,17,105,22,19
2013,18,105,19,27
2013,19,105,12,21
2013,20,105,16,29
2013,21,105,14,21
2013,22,105,14,17
2013,23,105,17,20
2013,24,105,14,17
2013,25,105,19,25
2013,t1,105,1109,1637
2013,01,106,1187,51631
2013,03,106,100,8623
2013,04,106,53,6869
2013,05,106,163,10896
2013,06,106,142,8499
2013,07,106,108,6054
2013,08,106,56,6454
2013,09,106,1,1065
2013,10,106,167,5029
2013,12,106,203,26246
2013,13,106,80,6973
2013,14,106,461,38895
2013,17,106,60,7174
2013,18,106,96,7199
2013,19,106,84,6654
2013,20,106,57,6582
2013,21,106,46,6097
2013,22,106,115,6165
2013,23,106,17,2062
2013,24,106,35,5622
2013,25,106,12,3936
2013,aa,106,0,1
2013,t1,106,3243,228726
2013,01,107,1297,13161
2013,03,107,68,749
2013,04,107,68,853
2013,05,107,204,2132
2013,06,107,111,1167
2013,07,107,56,245
2013,08,107,36,421
2013,09,107,28,149
2013,10,107,44,242
2013,12,107,766,5883
2013,13,107,98,1118
2013,14,107,820,7962
2013,17,107,24,324
2013,18,107,85,897
2013,19,107,79,564
2013,20,107,2,101
2013,21,107,24,254
2013,22,107,16,266
2013,23,107,15,293
2013,24,107,27,265
2013,25,107,2,278
2013,aa,107,0,1
2013,t1,107,3870,37325
2013,01,109,6,31
2013,03,109,2,5
2013,04,109,1,7
2013,05,109,1,9
2013,06,109,3,11
2013,07,109,0,6
2013,08,109,1,6
2013,09,109,0,2
2013,10,109,0,2
2013,12,109,12,39
2013,13,109,1,11
2013,14,109,7,48
2013,17,109,3,9
2013,18,109,1,3
2013,19,109,0,2
2013,20,109,0,8
2013,21,109,1,5
2013,22,109,0,4
2013,23,109,0,5
2013,24,109,2,5
2013,25,109,1,11
2013,t1,109,42,229
2013,01,t1,82904,841954
2013,03,t1,9763,150255
2013,04,t1,7120,134518
2013,05,t1,11453,202682
2013,06,t1,11363,171961
2013,07,t1,6081,95394
2013,08,t1,5983,124187
2013,09,t1,943,33311
2013,10,t1,3272,79591
2013,12,t1,38567,594937
2013,13,t1,9591,159424
2013,14,t1,50673,729890
2013,17,t1,6779,147440
2013,18,t1,7933,141001
2013,19,t1,7185,126390
2013,20,t1,6389,155620
2013,21,t1,6473,143108
2013,22,t1,6058,128558
2013,23,t1,2661,69477
2013,24,t1,5598,127935
2013,25,t1,5389,137789
2013,aa,t1,0,51
2013,t1,t1,292178,4495473
2014,01,101,26249,502760
2014,03,101,3796,102878
2014,04,101,3201,96701
2014,05,101,5070,140032
2014,06,101,5137,117785
2014,07,101,2583,65061
2014,08,101,2650,89383
2014,09,101,601,27239
2014,10,101,1547,59348
2014,12,101,17203,423436
2014,13,101,4904,112116
2014,14,101,22902,488489
2014,17,101,2720,101223
2014,18,101,3152,97000
2014,19,101,3060,90179
2014,20,101,2559,112933
2014,21,101,2658,104341
2014,22,101,2203,88440
2014,23,101,688,48914
2014,24,101,1899,88303
2014,25,101,1716,90610
2014,aa,101,27,2054
2014,t1,101,116525,3049225
2014,01,102,54748,281151
2014,03,102,6322,39517
2014,04,102,4290,31280
2014,05,102,6994,51965
2014,06,102,7169,47387
2014,07,102,3752,25272
2014,08,102,3446,29126
2014,09,102,589,5050
2014,10,102,1736,15572
2014,12,102,22937,143896
2014,13,102,5519,41606
2014,14,102,32411,201499
2014,17,102,4535,39518
2014,18,102,5366,34860
2014,19,102,4515,30632
2014,20,102,4461,38508
2014,21,102,4259,33464
2014,22,102,4600,35034
2014,23,102,2201,18837
2014,24,102,4011,35142
2014,25,102,4132,44231
2014,aa,102,41,743
2014,t1,102,188034,1224290
2014,01,103,531,813
2014,03,103,33,61
2014,04,103,21,34
2014,05,103,26,44
2014,06,103,36,60
2014,07,103,18,33
2014,08,103,11,20
2014,09,103,5,17
2014,10,103,4,11
2014,12,103,197,264
2014,13,103,41,71
2014,14,103,190,468
2014,17,103,23,25
2014,18,103,13,31
2014,19,103,9,17
2014,20,103,30,42
2014,21,103,33,59
2014,22,103,6,18
2014,23,103,18,40
2014,24,103,12,26
2014,25,103,9,15
2014,aa,103,0,3
2014,t1,103,1266,2172
2014,01,104,2446,14731
2014,03,104,238,1070
2014,04,104,171,970
2014,05,104,390,1416
2014,06,104,145,766
2014,07,104,57,389
2014,08,104,78,478
2014,09,104,30,142
2014,10,104,37,251
2014,12,104,805,3802
2014,13,104,199,832
2014,14,104,1399,5505
2014,17,104,148,503
2014,18,104,217,748
2014,19,104,51,480
2014,20,104,95,547
2014,21,104,178,715
2014,22,104,69,346
2014,23,104,48,239
2014,24,104,171,537
2014,25,104,81,441
2014,aa,104,1,22
2014,t1,104,7054,34930
2014,01,105,1743,2659
2014,03,105,137,136
2014,04,105,29,65
2014,05,105,76,136
2014,06,105,183,137
2014,07,105,35,49
2014,08,105,48,56
2014,09,105,7,21
2014,10,105,14,36
2014,12,105,281,422
2014,13,105,45,80
2014,14,105,385,557
2014,17,105,48,62
2014,18,105,52,65
2014,19,105,53,67
2014,20,105,42,66
2014,21,105,34,50
2014,22,105,57,73
2014,23,105,57,65
2014,24,105,37,47
2014,25,105,48,73
2014,t1,105,3411,4922
2014,01,106,701,48521
2014,03,106,108,8960
2014,04,106,32,7108
2014,05,106,137,11093
2014,06,106,96,8554
2014,07,106,103,6175
2014,08,106,46,6692
2014,09,106,3,1144
2014,10,106,240,5327
2014,12,106,104,26409
2014,13,106,79,7077
2014,14,106,390,38767
2014,17,106,68,7489
2014,18,106,34,7227
2014,19,106,53,6845
2014,20,106,31,6891
2014,21,106,93,6463
2014,22,106,261,6503
2014,23,106,19,2186
2014,24,106,65,5928
2014,25,106,28,4105
2014,aa,106,0,157
2014,t1,106,2691,229621
2014,01,107,1746,13268
2014,03,107,94,870
2014,04,107,72,958
2014,05,107,284,2394
2014,06,107,116,1263
2014,07,107,69,303
2014,08,107,77,528
2014,09,107,109,300
2014,10,107,31,260
2014,12,107,898,6477
2014,13,107,102,1242
2014,14,107,953,8356
2014,17,107,51,388
2014,18,107,155,1031
2014,19,107,98,713
2014,20,107,6,128
2014,21,107,28,331
2014,22,107,50,293
2014,23,107,42,326
2014,24,107,21,323
2014,25,107,19,323
2014,aa,107,0,17
2014,t1,107,5021,40092
2014,01,109,7,43
2014,03,109,2,7
2014,04,109,1,9
2014,05,109,1,14
2014,06,109,0,11
2014,07,109,1,7
2014,08,109,1,7
2014,09,109,0,1
2014,10,109,0,3
2014,12,109,9,49
2014,13,109,0,10
2014,14,109,6,53
2014,17,109,0,10
2014,18,109,2,5
2014,19,109,0,1
2014,20,109,2,8
2014,21,109,0,6
2014,22,109,0,3
2014,23,109,1,4
2014,24,109,2,6
2014,25,109,0,10
2014,t1,109,35,267
2014,01,t1,88171,863946
2014,03,t1,10730,153499
2014,04,t1,7817,137125
2014,05,t1,12978,207094
2014,06,t1,12882,175963
2014,07,t1,6618,97289
2014,08,t1,6357,126290
2014,09,t1,1344,33914
2014,10,t1,3609,80808
2014,12,t1,42434,604755
2014,13,t1,10889,163034
2014,14,t1,58636,743694
2014,17,t1,7593,149218
2014,18,t1,8991,140967
2014,19,t1,7839,128934
2014,20,t1,7226,159123
2014,21,t1,7283,145429
2014,22,t1,7246,130710
2014,23,t1,3074,70611
2014,24,t1,6218,130312
2014,25,t1,6033,139808
2014,aa,t1,69,2996
2014,t1,t1,324037,4585519
2015,01,101,30051,488331
2015,03,101,4272,99486
2015,04,101,3625,94541
2015,05,101,5540,135550
2015,06,101,5518,114263
2015,07,101,2752,63126
2015,08,101,3302,87005
2015,09,101,714,26886
2015,10,101,1822,57655
2015,12,101,19853,413440
2015,13,101,5009,109729
2015,14,101,26096,474625
2015,17,101,3000,97294
2015,18,101,3422,93815
2015,19,101,3111,87073
2015,20,101,2951,108996
2015,21,101,3176,100665
2015,22,101,2408,84714
2015,23,101,746,47342
2015,24,101,2315,85132
2015,25,101,1887,86975
2015,aa,101,1,2203
2015,t1,101,131571,2958846
2015,01,102,62756,315329
2015,03,102,6314,45580
2015,04,102,4452,35906
2015,05,102,7719,59714
2015,06,102,7956,53645
2015,07,102,4093,28308
2015,08,102,3971,33065
2015,09,102,563,5679
2015,10,102,2134,18386
2015,12,102,24583,162252
2015,13,102,5993,47043
2015,14,102,35141,225407
2015,17,102,4938,44436
2015,18,102,5154,40154
2015,19,102,4186,35239
2015,20,102,4990,43908
2015,21,102,4841,38442
2015,22,102,5247,39528
2015,23,102,2332,20857
2015,24,102,4668,39326
2015,25,102,4336,48803
2015,aa,102,1,777
2015,t1,102,206368,1381784
2015,01,103,1013,1665
2015,03,103,90,143
2015,04,103,38,76
2015,05,103,81,132
2015,06,103,111,149
2015,07,103,26,52
2015,08,103,35,55
2015,09,103,32,50
2015,10,103,50,67
2015,12,103,325,542
2015,13,103,149,207
2015,14,103,531,934
2015,17,103,47,57
2015,18,103,53,84
2015,19,103,38,58
2015,20,103,41,85
2015,21,103,75,129
2015,22,103,55,75
2015,23,103,73,109
2015,24,103,41,67
2015,25,103,12,25
2015,aa,103,0,4
2015,t1,103,2916,4765
2015,01,104,3069,17461
2015,03,104,264,1374
2015,04,104,180,1160
2015,05,104,451,1819
2015,06,104,267,925
2015,07,104,91,473
2015,08,104,90,574
2015,09,104,35,179
2015,10,104,46,308
2015,12,104,918,4636
2015,13,104,260,1103
2015,14,104,1825,6990
2015,17,104,199,674
2015,18,104,230,942
2015,19,104,46,569
2015,20,104,111,660
2015,21,104,194,890
2015,22,104,96,463
2015,23,104,46,300
2015,24,104,223,667
2015,25,104,124,581
2015,aa,104,0,30
2015,t1,104,8765,42778
2015,01,105,2472,5074
2015,03,105,273,283
2015,04,105,76,154
2015,05,105,101,245
2015,06,105,343,343
2015,07,105,57,88
2015,08,105,60,116
2015,09,105,17,44
2015,10,105,12,66
2015,12,105,477,931
2015,13,105,77,153
2015,14,105,1195,1125
2015,17,105,70,151
2015,18,105,70,135
2015,19,105,78,138
2015,20,105,46,132
2015,21,105,84,122
2015,22,105,69,139
2015,23,105,73,114
2015,24,105,59,98
2015,25,105,47,129
2015,t1,105,5756,9780
2015,01,106,210,45636
2015,03,106,55,9170
2015,04,106,19,7261
2015,05,106,79,11270
2015,06,106,83,8403
2015,07,106,89,6177
2015,08,106,5,6841
2015,09,106,2,1218
2015,10,106,136,5520
2015,12,106,17,26210
2015,13,106,62,7162
2015,14,106,207,38222
2015,17,106,137,7643
2015,18,106,13,7428
2015,19,106,39,6919
2015,20,106,11,7079
2015,21,106,31,6698
2015,22,106,87,6625
2015,23,106,13,2274
2015,24,106,73,6099
2015,25,106,2,4166
2015,aa,106,0,154
2015,t1,106,1370,228175
2015,01,107,1977,13513
2015,03,107,80,980
2015,04,107,84,1045
2015,05,107,208,2459
2015,06,107,132,1361
2015,07,107,92,410
2015,08,107,73,589
2015,09,107,35,433
2015,10,107,14,293
2015,12,107,774,6784
2015,13,107,114,1352
2015,14,107,958,8795
2015,17,107,136,521
2015,18,107,86,1149
2015,19,107,108,845
2015,20,107,7,191
2015,21,107,44,417
2015,22,107,52,391
2015,23,107,32,345
2015,24,107,63,383
2015,25,107,49,388
2015,aa,107,0,27
2015,t1,107,5118,42671
2015,01,109,15,48
2015,03,109,0,5
2015,04,109,1,12
2015,05,109,4,9
2015,06,109,2,10
2015,07,109,5,5
2015,08,109,4,8
2015,09,109,0,1
2015,10,109,2,5
2015,12,109,11,50
2015,13,109,1,10
2015,14,109,7,41
2015,17,109,4,13
2015,18,109,1,3
2015,19,109,0,3
2015,20,109,3,8
2015,21,109,1,7
2015,22,109,1,5
2015,23,109,2,4
2015,24,109,3,6
2015,25,109,1,11
2015,aa,109,0,0
2015,t1,109,68,264
2015,01,t1,101563,887057
2015,03,t1,11348,157021
2015,04,t1,8475,140155
2015,05,t1,14183,211198
2015,06,t1,14412,179099
2015,07,t1,7205,98639
2015,08,t1,7540,128253
2015,09,t1,1398,34490
2015,10,t1,4216,82300
2015,12,t1,46958,614845
2015,13,t1,11665,166759
2015,14,t1,65960,756139
2015,17,t1,8531,150789
2015,18,t1,9029,143710
2015,19,t1,7606,130844
2015,20,t1,8160,161059
2015,21,t1,8446,147370
2015,22,t1,8015,131940
2015,23,t1,3317,71345
2015,24,t1,7445,131778
2015,25,t1,6458,141078
2015,aa,t1,2,3195
2015,t1,t1,361932,4669063
2016,01,101,36533,476714
2016,03,101,4667,96362
2016,04,101,4322,92470
2016,05,101,6553,132182
2016,06,101,6399,111913
2016,07,101,3058,61773
2016,08,101,3901,86253
2016,09,101,794,26594
2016,10,101,2239,56338
2016,12,101,22687,406090
2016,13,101,6125,108000
2016,14,101,31440,465683
2016,17,101,3762,94079
2016,18,101,3985,91013
2016,19,101,3595,84338
2016,20,101,3280,105679
2016,21,101,3801,97857
2016,22,101,2759,81155
2016,23,101,882,45697
2016,24,101,2688,82253
2016,25,101,1833,83272
2016,aa,101,1,2263
2016,t1,101,155304,2887978
2016,01,102,62126,342929
2016,03,102,5933,51170
2016,04,102,4481,40352
2016,05,102,7399,66250
2016,06,102,7169,59850
2016,07,102,3764,31746
2016,08,102,4012,37193
2016,09,102,522,6418
2016,10,102,2244,21096
2016,12,102,24718,181238
2016,13,102,5455,51939
2016,14,102,33900,247584
2016,17,102,4931,49327
2016,18,102,4633,45084
2016,19,102,4424,39789
2016,20,102,4781,49662
2016,21,102,4736,43405
2016,22,102,5126,44106
2016,23,102,2239,23220
2016,24,102,4504,43834
2016,25,102,3928,52650
2016,aa,102,0,902
2016,t1,102,201025,1529744
2016,01,103,1011,2567
2016,03,103,88,226
2016,04,103,43,123
2016,05,103,106,231
2016,06,103,92,233
2016,07,103,44,97
2016,08,103,76,132
2016,09,103,22,65
2016,10,103,47,116
2016,12,103,481,1018
2016,13,103,107,316
2016,14,103,506,1363
2016,17,103,42,93
2016,18,103,36,114
2016,19,103,54,122
2016,20,103,30,120
2016,21,103,51,169
2016,22,103,29,100
2016,23,103,49,154
2016,24,103,49,113
2016,25,103,30,57
2016,aa,103,0,3
2016,t1,103,2993,7532
2016,01,104,4040,21324
2016,03,104,465,1827
2016,04,104,378,1581
2016,05,104,885,2509
2016,06,104,481,1300
2016,07,104,168,617
2016,08,104,222,801
2016,09,104,54,239
2016,10,104,89,403
2016,12,104,1372,5916
2016,13,104,352,1437
2016,14,104,2751,9204
2016,17,104,336,968
2016,18,104,447,1302
2016,19,104,153,752
2016,20,104,200,866
2016,21,104,386,1250
2016,22,104,182,647
2016,23,104,128,448
2016,24,104,312,925
2016,25,104,275,846
2016,aa,104,0,41
2016,t1,104,13676,55203
2016,01,105,5356,10517
2016,03,105,199,433
2016,04,105,97,243
2016,05,105,196,437
2016,06,105,375,436
2016,07,105,135,159
2016,08,105,138,167
2016,09,105,31,72
2016,10,105,49,122
2016,12,105,1209,2072
2016,13,105,163,292
2016,14,105,1303,1999
2016,17,105,162,208
2016,18,105,141,247
2016,19,105,126,251
2016,20,105,106,220
2016,21,105,111,203
2016,22,105,128,228
2016,23,105,69,156
2016,24,105,141,196
2016,25,105,63,186
2016,t1,105,10298,18844
2016,01,106,101,42566
2016,03,106,72,9314
2016,04,106,43,7242
2016,05,106,42,11190
2016,06,106,75,8257
2016,07,106,53,6116
2016,08,106,5,6916
2016,09,106,2,1274
2016,10,106,83,5551
2016,12,106,18,25937
2016,13,106,72,7153
2016,14,106,98,37262
2016,17,106,16,7789
2016,18,106,3,7476
2016,19,106,54,6919
2016,20,106,4,7281
2016,21,106,13,6781
2016,22,106,47,6729
2016,23,106,30,2404
2016,24,106,24,6302
2016,25,106,1,4169
2016,aa,106,0,160
2016,t1,106,856,224788
2016,01,107,986,12760
2016,03,107,65,1039
2016,04,107,140,1217
2016,05,107,188,2397
2016,06,107,79,1432
2016,07,107,94,485
2016,08,107,85,704
2016,09,107,10,511
2016,10,107,46,370
2016,12,107,753,7036
2016,13,107,123,1429
2016,14,107,781,9013
2016,17,107,54,601
2016,18,107,130,1264
2016,19,107,70,908
2016,20,107,4,226
2016,21,107,53,524
2016,22,107,80,525
2016,23,107,11,356
2016,24,107,29,438
2016,25,107,29,428
2016,aa,107,0,30
2016,t1,107,3810,43693
2016,01,109,18,57
2016,03,109,3,9
2016,04,109,0,6
2016,05,109,0,7
2016,06,109,1,9
2016,07,109,1,6
2016,08,109,3,11
2016,09,109,0,2
2016,10,109,1,5
2016,12,109,5,52
2016,13,109,0,9
2016,14,109,7,39
2016,17,109,1,11
2016,18,109,0,3
2016,19,109,0,4
2016,20,109,3,10
2016,21,109,4,8
2016,22,109,1,7
2016,23,109,0,5
2016,24,109,0,6
2016,25,109,4,12
2016,t1,109,52,278
2016,01,t1,110171,909434
2016,03,t1,11492,160380
2016,04,t1,9504,143234
2016,05,t1,15369,215203
2016,06,t1,14671,183430
2016,07,t1,7317,100999
2016,08,t1,8442,132177
2016,09,t1,1435,35175
2016,10,t1,4798,84001
2016,12,t1,51243,629359
2016,13,t1,12397,170575
2016,14,t1,70786,772147
2016,17,t1,9304,153076
2016,18,t1,9375,146503
2016,19,t1,8476,133083
2016,20,t1,8408,164064
2016,21,t1,9155,150197
2016,22,t1,8352,133497
2016,23,t1,3408,72440
2016,24,t1,7747,134067
2016,25,t1,6163,141620
2016,aa,t1,1,3399
2016,t1,t1,388014,4768060
2017,01,101,38488,468517
2017,03,101,4736,93701
2017,04,101,4199,90173
2017,05,101,6562,129100
2017,06,101,6282,110690
2017,07,101,3192,60275
2017,08,101,3868,83437
2017,09,101,694,26207
2017,10,101,2161,54748
2017,12,101,22384,398656
2017,13,101,5976,106696
2017,14,101,32300,456795
2017,17,101,3950,91101
2017,18,101,3824,88374
2017,19,101,3567,82019
2017,20,101,3320,102421
2017,21,101,3741,94891
2017,22,101,2719,77931
2017,23,101,964,43990
2017,24,101,2708,79895
2017,25,101,1918,79864
2017,aa,101,1,2290
2017,t1,101,157554,2821771
2017,01,102,64525,361882
2017,03,102,4815,55311
2017,04,102,3777,43908
2017,05,102,6764,71826
2017,06,102,6703,64707
2017,07,102,3421,34829
2017,08,102,3724,40742
2017,09,102,489,7079
2017,10,102,1795,23494
2017,12,102,24689,195581
2017,13,102,4774,55766
2017,14,102,31253,264664
2017,17,102,4224,53281
2017,18,102,3888,48767
2017,19,102,3800,43987
2017,20,102,4200,54059
2017,21,102,4328,47771
2017,22,102,4587,47813
2017,23,102,2196,25501
2017,24,102,3982,47137
2017,25,102,3132,55679
2017,aa,102,1,1078
2017,t1,102,191067,1644862
2017,01,103,1419,3669
2017,03,103,105,325
2017,04,103,109,236
2017,05,103,160,353
2017,06,103,103,302
2017,07,103,43,136
2017,08,103,108,202
2017,09,103,25,85
2017,10,103,62,143
2017,12,103,605,1579
2017,13,103,220,488
2017,14,103,798,1985
2017,17,103,84,159
2017,18,103,81,179
2017,19,103,60,177
2017,20,103,62,192
2017,21,103,56,218
2017,22,103,52,145
2017,23,103,64,165
2017,24,103,90,181
2017,25,103,53,109
2017,aa,103,0,6
2017,t1,103,4359,11034
2017,01,104,4416,25784
2017,03,104,616,2390
2017,04,104,462,2037
2017,05,104,1213,3518
2017,06,104,600,1808
2017,07,104,246,840
2017,08,104,337,1106
2017,09,104,91,333
2017,10,104,193,606
2017,12,104,1773,7662
2017,13,104,504,1899
2017,14,104,4697,12052
2017,17,104,504,1399
2017,18,104,741,1993
2017,19,104,293,1082
2017,20,104,376,1257
2017,21,104,448,1702
2017,22,104,305,939
2017,23,104,124,570
2017,24,104,375,1235
2017,25,104,324,1199
2017,aa,104,0,63
2017,t1,104,18638,71474
2017,01,105,8074,17718
2017,03,105,396,740
2017,04,105,181,456
2017,05,105,360,779
2017,06,105,501,686
2017,07,105,217,287
2017,08,105,183,289
2017,09,105,26,98
2017,10,105,73,193
2017,12,105,1775,3731
2017,13,105,248,542
2017,14,105,2202,3418
2017,17,105,298,429
2017,18,105,209,437
2017,19,105,226,449
2017,20,105,163,391
2017,21,105,208,332
2017,22,105,216,370
2017,23,105,103,214
2017,24,105,205,363
2017,25,105,129,323
2017,aa,105,0,8
2017,t1,105,15993,32253
2017,01,106,330,40066
2017,03,106,127,9149
2017,04,106,34,7121
2017,05,106,54,11016
2017,06,106,77,8225
2017,07,106,15,5947
2017,08,106,1,6891
2017,09,106,0,1330
2017,10,106,63,5414
2017,12,106,15,25512
2017,13,106,100,7140
2017,14,106,114,36073
2017,17,106,4,7879
2017,18,106,5,7555
2017,19,106,24,6835
2017,20,106,23,7424
2017,21,106,18,6803
2017,22,106,63,6689
2017,23,106,5,2512
2017,24,106,18,6296
2017,25,106,0,4177
2017,aa,106,0,169
2017,t1,106,1090,220223
2017,01,107,1110,11882
2017,03,107,95,1115
2017,04,107,139,1262
2017,05,107,170,2340
2017,06,107,110,1425
2017,07,107,51,527
2017,08,107,147,860
2017,09,107,20,599
2017,10,107,143,484
2017,12,107,632,6926
2017,13,107,77,1409
2017,14,107,837,9201
2017,17,107,93,690
2017,18,107,122,1341
2017,19,107,101,969
2017,20,107,7,251
2017,21,107,26,546
2017,22,107,38,576
2017,23,107,18,372
2017,24,107,17,439
2017,25,107,18,458
2017,aa,107,0,34
2017,t1,107,3971,43706
2017,01,109,8,52
2017,03,109,2,9
2017,04,109,1,4
2017,05,109,5,12
2017,06,109,0,8
2017,07,109,3,10
2017,08,109,4,10
2017,09,109,1,2
2017,10,109,2,6
2017,12,109,10,53
2017,13,109,0,7
2017,14,109,10,47
2017,17,109,1,10
2017,18,109,3,4
2017,19,109,1,3
2017,20,109,2,12
2017,21,109,1,8
2017,22,109,0,6
2017,23,109,1,6
2017,24,109,0,8
2017,25,109,1,9
2017,t1,109,56,286
2017,01,t1,118370,929570
2017,03,t1,10892,162740
2017,04,t1,8902,145197
2017,05,t1,15288,218944
2017,06,t1,14376,187851
2017,07,t1,7188,102851
2017,08,t1,8372,133537
2017,09,t1,1346,35733
2017,10,t1,4492,85088
2017,12,t1,51883,639700
2017,13,t1,11899,173947
2017,14,t1,72211,784235
2017,17,t1,9158,154948
2017,18,t1,8873,148650
2017,19,t1,8072,135521
2017,20,t1,8153,166007
2017,21,t1,8826,152271
2017,22,t1,7980,134469
2017,23,t1,3475,73330
2017,24,t1,7395,135554
2017,25,t1,5575,141818
2017,aa,t1,2,3648
2017,t1,t1,392728,4845609
2018,01,101,45521,464194
2018,03,101,4669,91012
2018,04,101,4401,88009
2018,05,101,7343,125567
2018,06,101,6879,108351
2018,07,101,3200,58429
2018,08,101,3901,81321
2018,09,101,694,25699
2018,10,101,2245,52938
2018,12,101,24518,390763
2018,13,101,6757,105050
2018,14,101,35099,447348
2018,17,101,4436,88228
2018,18,101,4079,86299
2018,19,101,4204,79423
2018,20,101,3675,98727
2018,21,101,3690,91374
2018,22,101,2763,73867
2018,23,101,1153,42183
2018,24,101,2810,77281
2018,25,101,1770,76578
2018,aa,101,1,2231
2018,t1,101,173808,2754872
2018,01,102,45870,355952
2018,03,102,3637,58294
2018,04,102,2664,46381
2018,05,102,4423,75280
2018,06,102,5174,67954
2018,07,102,2113,37031
2018,08,102,2751,43241
2018,09,102,241,7603
2018,10,102,1262,25411
2018,12,102,18613,204698
2018,13,102,3485,58416
2018,14,102,21410,273073
2018,17,102,3265,56395
2018,18,102,2758,51390
2018,19,102,2755,46806
2018,20,102,3061,57631
2018,21,102,2992,50865
2018,22,102,3902,51119
2018,23,102,2049,27462
2018,24,102,2876,49695
2018,25,102,2108,58494
2018,aa,102,0,1266
2018,t1,102,137409,1704457
2018,01,103,2150,5293
2018,03,103,207,525
2018,04,103,141,380
2018,05,103,276,595
2018,06,103,236,468
2018,07,103,91,227
2018,08,103,75,266
2018,09,103,32,115
2018,10,103,60,178
2018,12,103,1203,2629
2018,13,103,425,823
2018,14,103,1242,2909
2018,17,103,263,257
2018,18,103,134,294
2018,19,103,75,249
2018,20,103,104,290
2018,21,103,96,301
2018,22,103,99,205
2018,23,103,93,221
2018,24,103,97,275
2018,25,103,48,157
2018,aa,103,0,7
2018,t1,103,7147,16664
2018,01,104,5158,30851
2018,03,104,785,3108
2018,04,104,531,2641
2018,05,104,1100,4465
2018,06,104,699,2423
2018,07,104,281,1102
2018,08,104,318,1420
2018,09,104,124,457
2018,10,104,218,823
2018,12,104,2051,9788
2018,13,104,573,2436
2018,14,104,5204,15583
2018,17,104,553,1864
2018,18,104,736,2636
2018,19,104,340,1510
2018,20,104,522,1723
2018,21,104,529,2242
2018,22,104,345,1230
2018,23,104,113,689
2018,24,104,442,1600
2018,25,104,398,1606
2018,aa,104,0,76
2018,t1,104,21020,90273
2018,01,105,12164,27037
2018,03,105,489,1214
2018,04,105,223,650
2018,05,105,582,1235
2018,06,105,501,1054
2018,07,105,229,473
2018,08,105,147,380
2018,09,105,49,144
2018,10,105,132,315
2018,12,105,2253,5662
2018,13,105,364,915
2018,14,105,2689,5391
2018,17,105,249,501
2018,18,105,313,691
2018,19,105,359,816
2018,20,105,237,620
2018,21,105,226,516
2018,22,105,161,495
2018,23,105,101,302
2018,24,105,204,547
2018,25,105,139,424
2018,aa,105,0,12
2018,t1,105,21811,49394
2018,01,106,472,37251
2018,03,106,88,8830
2018,04,106,20,6932
2018,05,106,51,10641
2018,06,106,11,7879
2018,07,106,10,5652
2018,08,106,2,6799
2018,09,106,1,1367
2018,10,106,4,5315
2018,12,106,24,24739
2018,13,106,60,6902
2018,14,106,55,34397
2018,17,106,1,7827
2018,18,106,3,7540
2018,19,106,19,6570
2018,20,106,3,7366
2018,21,106,58,6739
2018,22,106,77,6473
2018,23,106,5,2557
2018,24,106,56,6277
2018,25,106,0,4163
2018,aa,106,0,169
2018,t1,106,1020,212385
2018,01,107,1107,11142
2018,03,107,74,1127
2018,04,107,104,1307
2018,05,107,84,2164
2018,06,107,94,1424
2018,07,107,74,599
2018,08,107,70,891
2018,09,107,35,655
2018,10,107,70,536
2018,12,107,564,6701
2018,13,107,41,1362
2018,14,107,658,8952
2018,17,107,56,685
2018,18,107,66,1339
2018,19,107,46,907
2018,20,107,12,264
2018,21,107,48,529
2018,22,107,22,558
2018,23,107,27,363
2018,24,107,10,438
2018,25,107,26,485
2018,aa,107,0,35
2018,t1,107,3288,42463
2018,01,109,11,51
2018,03,109,2,8
2018,04,109,0,6
2018,05,109,2,11
2018,06,109,1,6
2018,07,109,2,7
2018,08,109,1,11
2018,09,109,0,2
2018,10,109,1,7
2018,12,109,7,48
2018,13,109,0,8
2018,14,109,1,44
2018,17,109,0,7
2018,18,109,0,3
2018,19,109,1,5
2018,20,109,2,11
2018,21,109,0,13
2018,22,109,0,5
2018,23,109,0,4
2018,24,109,1,8
2018,25,109,0,10
2018,aa,109,0,0
2018,t1,109,32,275
2018,01,t1,112453,931771
2018,03,t1,9951,164118
2018,04,t1,8084,146306
2018,05,t1,13861,219958
2018,06,t1,13595,189559
2018,07,t1,6000,103520
2018,08,t1,7265,134329
2018,09,t1,1176,36042
2018,10,t1,3992,85523
2018,12,t1,49233,645028
2018,13,t1,11705,175912
2018,14,t1,66358,787697
2018,17,t1,8823,155764
2018,18,t1,8089,150192
2018,19,t1,7799,136286
2018,20,t1,7616,166632
2018,21,t1,7639,152579
2018,22,t1,7369,133952
2018,23,t1,3541,73781
2018,24,t1,6496,136121
2018,25,t1,4489,141917
2018,aa,t1,1,3796
2018,t1,t1,365535,4870783
2019,01,101,45595,458008
2019,03,101,4666,89163
2019,04,101,4158,85547
2019,05,101,6840,122873
2019,06,101,6912,106760
2019,07,101,3006,56903
2019,08,101,3662,79176
2019,09,101,648,25094
2019,10,101,2206,51403
2019,12,101,27617,385307
2019,13,101,7243,104246
2019,14,101,32593,439839
2019,17,101,4185,85103
2019,18,101,3841,83864
2019,19,101,3930,77184
2019,20,101,3431,95221
2019,21,101,3401,88348
2019,22,101,2599,70847
2019,23,101,937,40488
2019,24,101,2561,74983
2019,25,101,1874,73617
2019,aa,101,0,2522
2019,t1,101,171905,2696496
2019,01,102,46019,352035
2019,03,102,2741,59854
2019,04,102,2242,47853
2019,05,102,4126,77363
2019,06,102,4092,69543
2019,07,102,1574,38114
2019,08,102,2457,44989
2019,09,102,232,7941
2019,10,102,1174,26746
2019,12,102,17617,210976
2019,13,102,2842,59917
2019,14,102,15642,276193
2019,17,102,3009,58603
2019,18,102,2145,53037
2019,19,102,2064,48460
2019,20,102,3042,60156
2019,21,102,2957,52696
2019,22,102,2982,53067
2019,23,102,1255,28848
2019,24,102,2387,51567
2019,25,102,2140,60380
2019,aa,102,0,1566
2019,t1,102,122739,1739904
2019,01,103,5767,10285
2019,03,103,473,990
2019,04,103,287,677
2019,05,103,606,1119
2019,06,103,421,851
2019,07,103,215,437
2019,08,103,171,431
2019,09,103,56,184
2019,10,103,166,310
2019,12,103,2260,4352
2019,13,103,534,1288
2019,14,103,2768,5349
2019,17,103,341,478
2019,18,103,224,499
2019,19,103,310,513
2019,20,103,218,501
2019,21,103,245,533
2019,22,103,222,374
2019,23,103,151,300
2019,24,103,187,448
2019,25,103,169,331
2019,aa,103,0,19
2019,t1,103,15791,30269
2019,01,104,6378,36289
2019,03,104,903,3813
2019,04,104,626,3248
2019,05,104,1453,5441
2019,06,104,962,3213
2019,07,104,395,1471
2019,08,104,346,1785
2019,09,104,127,589
2019,10,104,248,1059
2019,12,104,3096,12296
2019,13,104,624,2988
2019,14,104,5333,19275
2019,17,104,732,2383
2019,18,104,827,3303
2019,19,104,533,2055
2019,20,104,597,2251
2019,21,104,721,2991
2019,22,104,416,1598
2019,23,104,119,798
2019,24,104,483,1972
2019,25,104,537,2089
2019,aa,104,0,119
2019,t1,104,25456,111026
2019,01,105,13945,34800
2019,03,105,586,1701
2019,04,105,344,1031
2019,05,105,547,1714
2019,06,105,543,1481
2019,07,105,239,686
2019,08,105,173,549
2019,09,105,39,200
2019,10,105,118,427
2019,12,105,3139,8295
2019,13,105,424,1342
2019,14,105,2645,7490
2019,17,105,291,769
2019,18,105,359,980
2019,19,105,378,1093
2019,20,105,293,917
2019,21,105,206,723
2019,22,105,169,641
2019,23,105,76,384
2019,24,105,247,776
2019,25,105,146,585
2019,aa,105,0,25
2019,t1,105,24907,66609
2019,01,106,104,33839
2019,03,106,76,8410
2019,04,106,32,6644
2019,05,106,61,10082
2019,06,106,50,7537
2019,07,106,7,5382
2019,08,106,23,6523
2019,09,106,12,1392
2019,10,106,52,5048
2019,12,106,196,23813
2019,13,106,102,6662
2019,14,106,220,32420
2019,17,106,15,7591
2019,18,106,9,7271
2019,19,106,23,6233
2019,20,106,30,7227
2019,21,106,8,6408
2019,22,106,71,6149
2019,23,106,10,2549
2019,24,106,58,6202
2019,25,106,8,4145
2019,aa,106,0,187
2019,t1,106,1167,201714
2019,01,107,1427,10563
2019,03,107,124,1120
2019,04,107,136,1305
2019,05,107,117,1982
2019,06,107,161,1402
2019,07,107,122,665
2019,08,107,300,1061
2019,09,107,35,687
2019,10,107,143,599
2019,12,107,645,6421
2019,13,107,130,1331
2019,14,107,894,8707
2019,17,107,91,728
2019,18,107,145,1337
2019,19,107,142,926
2019,20,107,107,359
2019,21,107,69,554
2019,22,107,85,568
2019,23,107,35,388
2019,24,107,17,397
2019,25,107,46,505
2019,aa,107,0,28
2019,t1,107,4971,41633
2019,01,109,4,46
2019,03,109,0,6
2019,04,109,0,5
2019,05,109,1,7
2019,06,109,0,4
2019,07,109,0,9
2019,08,109,1,8
2019,09,109,0,2
2019,10,109,1,9
2019,12,109,10,50
2019,13,109,0,6
2019,14,109,3,38
2019,17,109,4,8
2019,18,109,0,2
2019,19,109,0,4
2019,20,109,0,11
2019,21,109,0,14
2019,22,109,0,3
2019,23,109,0,5
2019,24,109,0,9
2019,25,109,1,6
2019,aa,109,0,1
2019,t1,109,25,253
2019,01,t1,119239,935865
2019,03,t1,9569,165057
2019,04,t1,7825,146310
2019,05,t1,13751,220581
2019,06,t1,13141,190791
2019,07,t1,5558,103667
2019,08,t1,7133,134522
2019,09,t1,1149,36089
2019,10,t1,4108,85601
2019,12,t1,54580,651510
2019,13,t1,11899,177780
2019,14,t1,60098,789311
2019,17,t1,8668,155663
2019,18,t1,7550,150293
2019,19,t1,7380,136468
2019,20,t1,7718,166643
2019,21,t1,7607,152267
2019,22,t1,6544,133247
2019,23,t1,2583,73760
2019,24,t1,5940,136354
2019,25,t1,4921,141658
2019,aa,t1,0,4467
2019,t1,t1,366961,4887904
2020,01,101,32153,458477
2020,03,101,2908,88232
2020,04,101,2754,84036
2020,05,101,4365,120362
2020,06,101,4767,105077
2020,07,101,2084,55391
2020,08,101,2388,77081
2020,09,101,449,24838
2020,10,101,1560,50020
2020,12,101,18861,381556
2020,13,101,4495,102940
2020,14,101,21210,435215
2020,17,101,2910,83032
2020,18,101,2475,82137
2020,19,101,2488,75439
2020,20,101,1939,92684
2020,21,101,2135,85964
2020,22,101,1500,68623
2020,23,101,523,39424
2020,24,101,1631,73328
2020,25,101,1045,71252
2020,aa,101,0,2896
2020,t1,101,114640,2658004
2020,01,102,19629,330813
2020,03,102,1279,61089
2020,04,102,978,48909
2020,05,102,1889,78154
2020,06,102,1857,69496
2020,07,102,773,38942
2020,08,102,1139,46323
2020,09,102,116,8346
2020,10,102,523,27747
2020,12,102,9970,211279
2020,13,102,1270,60580
2020,14,102,6946,277460
2020,17,102,1678,59972
2020,18,102,1157,54569
2020,19,102,995,49474
2020,20,102,1483,62437
2020,21,102,1445,54513
2020,22,102,1413,54886
2020,23,102,698,30182
2020,24,102,949,53036
2020,25,102,996,62324
2020,aa,102,1,1834
2020,t1,102,57184,1742365
2020,01,103,10007,19149
2020,03,103,863,1765
2020,04,103,560,1237
2020,05,103,1040,2074
2020,06,103,839,1628
2020,07,103,437,835
2020,08,103,368,797
2020,09,103,105,293
2020,10,103,194,501
2020,12,103,4022,7944
2020,13,103,1029,2294
2020,14,103,4982,9934
2020,17,103,590,937
2020,18,103,422,894
2020,19,103,492,937
2020,20,103,427,903
2020,21,103,469,919
2020,22,103,288,628
2020,23,103,215,501
2020,24,103,456,895
2020,25,103,292,624
2020,aa,103,0,45
2020,t1,103,28097,55734
2020,01,104,9974,41367
2020,03,104,1068,4696
2020,04,104,743,3806
2020,05,104,1562,6428
2020,06,104,1417,3985
2020,07,104,603,1795
2020,08,104,531,2073
2020,09,104,106,693
2020,10,104,331,1342
2020,12,104,4294,14762
2020,13,104,879,3499
2020,14,104,5692,22485
2020,17,104,957,2938
2020,18,104,1035,3849
2020,19,104,599,2431
2020,20,104,667,2755
2020,21,104,1029,3644
2020,22,104,640,1931
2020,23,104,172,892
2020,24,104,654,2439
2020,25,104,567,2485
2020,aa,104,0,166
2020,t1,104,33520,130461
2020,01,105,35360,61807
2020,03,105,1292,2945
2020,04,105,939,1951
2020,05,105,1642,3389
2020,06,105,1410,2769
2020,07,105,699,1367
2020,08,105,606,1184
2020,09,105,128,337
2020,10,105,438,885
2020,12,105,8705,15699
2020,13,105,1202,2601
2020,14,105,7292,14089
2020,17,105,944,1672
2020,18,105,946,1876
2020,19,105,1049,1979
2020,20,105,867,1796
2020,21,105,635,1407
2020,22,105,605,1256
2020,23,105,211,613
2020,24,105,774,1579
2020,25,105,390,1013
2020,aa,105,0,76
2020,t1,105,66134,122290
2020,01,106,27,31783
2020,03,106,6,8097
2020,04,106,0,6416
2020,05,106,2,9550
2020,06,106,1,7307
2020,07,106,1,5072
2020,08,106,1,6297
2020,09,106,1,1421
2020,10,106,0,4809
2020,12,106,5,23159
2020,13,106,0,6387
2020,14,106,9,31143
2020,17,106,1,7351
2020,18,106,7,7082
2020,19,106,2,5963
2020,20,106,1,7012
2020,21,106,2,6196
2020,22,106,1,5973
2020,23,106,1,2539
2020,24,106,1,6039
2020,25,106,1,4092
2020,aa,106,0,216
2020,t1,106,70,193904
2020,01,107,757,9945
2020,03,107,69,1169
2020,04,107,97,1230
2020,05,107,101,1809
2020,06,107,152,1506
2020,07,107,100,743
2020,08,107,321,1234
2020,09,107,73,733
2020,10,107,200,647
2020,12,107,646,6443
2020,13,107,74,1318
2020,14,107,541,8480
2020,17,107,48,691
2020,18,107,55,1283
2020,19,107,119,1006
2020,20,107,26,394
2020,21,107,17,512
2020,22,107,47,524
2020,23,107,44,411
2020,24,107,15,392
2020,25,107,23,538
2020,aa,107,0,39
2020,t1,107,3525,41047
2020,01,109,7,50
2020,03,109,1,6
2020,04,109,0,3
2020,05,109,3,9
2020,06,109,1,5
2020,07,109,1,8
2020,08,109,0,8
2020,09,109,0,2
2020,10,109,0,10
2020,12,109,8,54
2020,13,109,0,5
2020,14,109,4,43
2020,17,109,0,4
2020,18,109,0,4
2020,19,109,0,3
2020,20,109,0,9
2020,21,109,0,16
2020,22,109,1,5
2020,23,109,0,4
2020,24,109,0,8
2020,25,109,0,6
2020,t1,109,26,262
2020,01,t1,107914,953391
2020,03,t1,7486,167999
2020,04,t1,6071,147588
2020,05,t1,10604,221775
2020,06,t1,10444,191773
2020,07,t1,4698,104153
2020,08,t1,5354,134997
2020,09,t1,978,36663
2020,10,t1,3246,85961
2020,12,t1,46511,660896
2020,13,t1,8949,179624
2020,14,t1,46676,798849
2020,17,t1,7128,156597
2020,18,t1,6097,151694
2020,19,t1,5744,137232
2020,20,t1,5410,167990
2020,21,t1,5732,153171
2020,22,t1,4495,133826
2020,23,t1,1864,74566
2020,24,t1,4480,137716
2020,25,t1,3314,142334
2020,aa,t1,1,5272
2020,t1,t1,303196,4944067
2021,01,101,25544,445732
2021,03,101,2435,86217
2021,04,101,2496,81561
2021,05,101,3754,116958
2021,06,101,3964,102320
2021,07,101,1764,53612
2021,08,101,2142,74988
2021,09,101,381,24233
2021,10,101,1424,48531
2021,12,101,16423,372296
2021,13,101,3970,100558
2021,14,101,18824,424503
2021,17,101,2518,80175
2021,18,101,2212,79927
2021,19,101,2143,73289
2021,20,101,1691,89430
2021,21,101,1946,83034
2021,22,101,1303,65626
2021,23,101,555,37988
2021,24,101,1190,70472
2021,25,101,791,68484
2021,aa,101,0,3067
2021,t1,101,97470,2583001
2021,01,102,17514,308046
2021,03,102,1150,61589
2021,04,102,1046,49329
2021,05,102,1750,78250
2021,06,102,2042,69442
2021,07,102,732,39058
2021,08,102,1076,47251
2021,09,102,157,8585
2021,10,102,531,28069
2021,12,102,8724,208558
2021,13,102,1305,60170
2021,14,102,6901,275265
2021,17,102,1476,60960
2021,18,102,1166,54998
2021,19,102,1016,49863
2021,20,102,1279,63678
2021,21,102,1427,55463
2021,22,102,1377,56012
2021,23,102,847,31449
2021,24,102,1049,54316
2021,25,102,1169,63785
2021,aa,102,0,1978
2021,t1,102,53734,1726114
2021,01,103,19767,36721
2021,03,103,1695,3512
2021,04,103,1151,2461
2021,05,103,2120,4182
2021,06,103,1828,3476
2021,07,103,863,1695
2021,08,103,708,1457
2021,09,103,238,570
2021,10,103,525,1040
2021,12,103,8461,15855
2021,13,103,2086,4546
2021,14,103,10981,19664
2021,17,103,991,1817
2021,18,103,1081,2028
2021,19,103,1037,2007
2021,20,103,847,1789
2021,21,103,805,1763
2021,22,103,675,1335
2021,23,103,399,913
2021,24,103,928,1845
2021,25,103,695,1391
2021,aa,103,0,110
2021,t1,103,57881,110177
2021,01,104,7002,47782
2021,03,104,834,5467
2021,04,104,540,4517
2021,05,104,1271,7382
2021,06,104,1014,5026
2021,07,104,414,2140
2021,08,104,295,2432
2021,09,104,82,781
2021,10,104,319,1665
2021,12,104,2923,17471
2021,13,104,625,4184
2021,14,104,4474,25921
2021,17,104,665,3487
2021,18,104,730,4537
2021,19,104,294,2823
2021,20,104,446,3264
2021,21,104,697,4381
2021,22,104,397,2322
2021,23,104,150,1043
2021,24,104,504,2906
2021,25,104,460,3005
2021,aa,104,1,202
2021,t1,104,24137,152738
2021,01,105,37844,88465
2021,03,105,1736,4875
2021,04,105,1395,3418
2021,05,105,2143,5703
2021,06,105,1849,4615
2021,07,105,907,2420
2021,08,105,886,2109
2021,09,105,173,564
2021,10,105,659,1667
2021,12,105,9671,23793
2021,13,105,1704,4553
2021,14,105,10382,24357
2021,17,105,1215,2907
2021,18,105,1196,3246
2021,19,105,1369,3421
2021,20,105,1191,3028
2021,21,105,854,2393
2021,22,105,881,2253
2021,23,105,357,1025
2021,24,105,1136,2780
2021,25,105,651,1752
2021,aa,105,1,154
2021,t1,105,78200,189498
2021,01,106,278,29430
2021,03,106,30,7803
2021,04,106,27,6130
2021,05,106,70,9173
2021,06,106,51,7000
2021,07,106,21,4784
2021,08,106,14,6045
2021,09,106,4,1407
2021,10,106,18,4606
2021,12,106,106,22364
2021,13,106,33,6093
2021,14,106,160,29664
2021,17,106,55,7134
2021,18,106,67,6858
2021,19,106,37,5650
2021,20,106,50,6836
2021,21,106,77,5995
2021,22,106,74,5691
2021,23,106,32,2520
2021,24,106,48,5944
2021,25,106,48,4060
2021,aa,106,0,228
2021,t1,106,1300,185415
2021,01,107,394,9456
2021,03,107,14,1160
2021,04,107,50,1226
2021,05,107,42,1663
2021,06,107,75,1496
2021,07,107,42,759
2021,08,107,166,1315
2021,09,107,9,754
2021,10,107,37,606
2021,12,107,292,6234
2021,13,107,62,1275
2021,14,107,215,7892
2021,17,107,21,698
2021,18,107,17,1193
2021,19,107,57,1052
2021,20,107,3,385
2021,21,107,3,511
2021,22,107,5,482
2021,23,107,31,433
2021,24,107,10,406
2021,25,107,3,513
2021,aa,107,0,33
2021,t1,107,1548,39542
2021,01,109,13,54
2021,03,109,3,11
2021,04,109,1,3
2021,05,109,1,8
2021,06,109,1,9
2021,07,109,2,9
2021,08,109,0,6
2021,09,109,0,2
2021,10,109,2,8
2021,12,109,9,46
2021,13,109,2,7
2021,14,109,4,47
2021,17,109,1,3
2021,18,109,0,2
2021,19,109,0,3
2021,20,109,0,9
2021,21,109,0,14
2021,22,109,1,5
2021,23,109,1,3
2021,24,109,2,10
2021,25,109,0,6
2021,aa,109,0,0
2021,t1,109,43,265
2021,01,t1,108356,965686
2021,03,t1,7897,170634
2021,04,t1,6706,148645
2021,05,t1,11151,223319
2021,06,t1,10824,193384
2021,07,t1,4745,104477
2021,08,t1,5287,135603
2021,09,t1,1044,36896
2021,10,t1,3515,86192
2021,12,t1,46609,666617
2021,13,t1,9787,181386
2021,14,t1,51941,807313
2021,17,t1,6942,157181
2021,18,t1,6469,152789
2021,19,t1,5953,138108
2021,20,t1,5507,168419
2021,21,t1,5809,153554
2021,22,t1,4713,133726
2021,23,t1,2372,75374
2021,24,t1,4867,138679
2021,25,t1,3817,142996
2021,aa,t1,2,5772
2021,t1,t1,314313,4986750
2022,01,101,18739,426936
2022,03,101,2285,83516
2022,04,101,1597,78996
2022,05,101,2461,112392
2022,06,101,2375,97776
2022,07,101,1214,51790
2022,08,101,1627,72237
2022,09,101,287,23538
2022,10,101,899,46932
2022,12,101,9968,358143
2022,13,101,2758,96782
2022,14,101,12427,407439
2022,17,101,2094,77386
2022,18,101,1563,77168
2022,19,101,1468,71029
2022,20,101,1360,86593
2022,21,101,1306,80147
2022,22,101,915,63181
2022,23,101,313,36883
2022,24,101,956,67768
2022,25,101,635,66263
2022,aa,101,0,3080
2022,t1,101,67247,2485975
2022,01,102,10580,283341
2022,03,102,886,59819
2022,04,102,726,48173
2022,05,102,1132,76047
2022,06,102,1180,67440
2022,07,102,552,38257
2022,08,102,788,46513
2022,09,102,87,8580
2022,10,102,383,27615
2022,12,102,6149,200934
2022,13,102,889,58280
2022,14,102,5097,266333
2022,17,102,1858,60293
2022,18,102,789,53891
2022,19,102,672,48688
2022,20,102,882,62773
2022,21,102,940,54753
2022,22,102,1018,55101
2022,23,102,472,31359
2022,24,102,840,53709
2022,25,102,868,63300
2022,aa,102,0,1977
2022,t1,102,36788,1667176
2022,01,103,30796,63710
2022,03,103,3078,6458
2022,04,103,1823,4286
2022,05,103,3617,7671
2022,06,103,3471,6663
2022,07,103,1458,3028
2022,08,103,1644,3009
2022,09,103,324,917
2022,10,103,1022,2036
2022,12,103,12767,26838
2022,13,103,3510,7835
2022,14,103,17790,35627
2022,17,103,1851,3351
2022,18,103,2084,3994
2022,19,103,1927,3893
2022,20,103,1701,3519
2022,21,103,1583,3297
2022,22,103,1529,2926
2022,23,103,804,1704
2022,24,103,1843,3703
2022,25,103,1541,3002
2022,aa,103,0,242
2022,t1,103,96163,197709
2022,01,104,7023,52605
2022,03,104,1011,6203
2022,04,104,739,5201
2022,05,104,1323,8459
2022,06,104,1307,5987
2022,07,104,559,2452
2022,08,104,436,2828
2022,09,104,114,877
2022,10,104,406,1976
2022,12,104,3473,20045
2022,13,104,770,4807
2022,14,104,5483,29442
2022,17,104,843,4122
2022,18,104,805,5131
2022,19,104,443,3178
2022,20,104,601,3803
2022,21,104,866,5115
2022,22,104,491,2724
2022,23,104,325,1237
2022,24,104,638,3453
2022,25,104,699,3606
2022,aa,104,0,225
2022,t1,104,28355,173476
2022,01,105,27786,102597
2022,03,105,1549,6419
2022,04,105,1231,4774
2022,05,105,2232,8027
2022,06,105,1562,6086
2022,07,105,878,3277
2022,08,105,805,2881
2022,09,105,150,754
2022,10,105,570,2273
2022,12,105,8550,29592
2022,13,105,1608,6429
2022,14,105,10705,33940
2022,17,105,1147,3968
2022,18,105,1261,4470
2022,19,105,1245,4660
2022,20,105,1283,4366
2022,21,105,921,3458
2022,22,105,1090,3437
2022,23,105,376,1443
2022,24,105,1082,3871
2022,25,105,744,2571
2022,aa,105,0,238
2022,t1,105,66775,239531
2022,01,106,492,27588
2022,03,106,82,7476
2022,04,106,34,5968
2022,05,106,119,8848
2022,06,106,50,6771
2022,07,106,22,4547
2022,08,106,19,5772
2022,09,106,15,1410
2022,10,106,51,4527
2022,12,106,183,21596
2022,13,106,54,5896
2022,14,106,266,28385
2022,17,106,44,6893
2022,18,106,69,6617
2022,19,106,58,5469
2022,20,106,53,6716
2022,21,106,74,5723
2022,22,106,84,5538
2022,23,106,43,2478
2022,24,106,81,5860
2022,25,106,44,3999
2022,aa,106,0,239
2022,t1,106,1937,178316
2022,01,107,514,8897
2022,03,107,43,1155
2022,04,107,42,1172
2022,05,107,29,1567
2022,06,107,127,1565
2022,07,107,19,771
2022,08,107,163,1393
2022,09,107,10,812
2022,10,107,93,578
2022,12,107,187,5915
2022,13,107,54,1223
2022,14,107,442,7405
2022,17,107,14,647
2022,18,107,28,1144
2022,19,107,110,1114
2022,20,107,4,406
2022,21,107,2,505
2022,22,107,5,453
2022,23,107,22,451
2022,24,107,2,368
2022,25,107,9,513
2022,aa,107,0,32
2022,t1,107,1919,38086
2022,01,109,6,48
2022,03,109,2,14
2022,04,109,2,4
2022,05,109,0,8
2022,06,109,2,10
2022,07,109,1,10
2022,08,109,2,6
2022,09,109,0,2
2022,10,109,1,8
2022,12,109,5,39
2022,13,109,0,7
2022,14,109,4,50
2022,17,109,3,5
2022,18,109,0,2
2022,19,109,0,4
2022,20,109,0,10
2022,21,109,0,15
2022,22,109,2,6
2022,23,109,2,5
2022,24,109,2,12
2022,25,109,2,9
2022,aa,109,0,0
2022,t1,109,36,274
2022,01,t1,95936,965722
2022,03,t1,8936,171060
2022,04,t1,6194,148574
2022,05,t1,10913,223019
2022,06,t1,10074,192298
2022,07,t1,4703,104132
2022,08,t1,5484,134639
2022,09,t1,987,36890
2022,10,t1,3425,85945
2022,12,t1,41282,663102
2022,13,t1,9643,181259
2022,14,t1,52214,808621
2022,17,t1,7854,156665
2022,18,t1,6599,152417
2022,19,t1,5923,138035
2022,20,t1,5884,168186
2022,21,t1,5692,153013
2022,22,t1,5134,133366
2022,23,t1,2357,75560
2022,24,t1,5444,138744
2022,25,t1,4542,143263
2022,aa,t1,0,6033
2022,t1,t1,299220,4980543
2023,01,101,17130,408146
2023,03,101,1620,80782
2023,04,101,1406,76881
2023,05,101,2328,108923
2023,06,101,2707,94722
2023,07,101,1050,50370
2023,08,101,1498,70313
2023,09,101,185,22853
2023,10,101,882,45833
2023,12,101,13566,347993
2023,13,101,2016,94021
2023,14,101,11160,394569
2023,17,101,1767,74720
2023,18,101,1412,75126
2023,19,101,1220,68901
2023,20,101,1232,84309
2023,21,101,1269,77498
2023,22,101,717,61029
2023,23,101,283,35686
2023,24,101,830,65502
2023,25,101,499,63960
2023,aa,101,0,3384
2023,t1,101,64777,2405521
2023,01,102,7766,255341
2023,03,102,709,58926
2023,04,102,509,46878
2023,05,102,782,73123
2023,06,102,1013,65554
2023,07,102,414,37496
2023,08,102,578,45704
2023,09,102,81,8555
2023,10,102,255,27340
2023,12,102,4327,193152
2023,13,102,608,56825
2023,14,102,3309,258402
2023,17,102,1428,59783
2023,18,102,576,52871
2023,19,102,451,47511
2023,20,102,605,62166
2023,21,102,572,53607
2023,22,102,743,54016
2023,23,102,354,31345
2023,24,102,708,53664
2023,25,102,710,62878
2023,aa,102,0,2225
2023,t1,102,26498,1607362
2023,01,103,47543,103982
2023,03,103,2972,9199
2023,04,103,1850,5923
2023,05,103,3310,10322
2023,06,103,3193,9323
2023,07,103,1412,4261
2023,08,103,1427,4182
2023,09,103,234,1142
2023,10,103,799,2835
2023,12,103,14573,38511
2023,13,103,3124,10583
2023,14,103,18197,48936
2023,17,103,1688,4734
2023,18,103,1863,5659
2023,19,103,1741,5431
2023,20,103,1728,5075
2023,21,103,1623,4822
2023,22,103,1527,4238
2023,23,103,807,2444
2023,24,103,1784,5343
2023,25,103,1380,4344
2023,aa,103,0,389
2023,t1,103,112775,291678
2023,01,104,7164,56817
2023,03,104,968,7010
2023,04,104,546,5665
2023,05,104,1377,8966
2023,06,104,1241,6728
2023,07,104,438,2679
2023,08,104,408,3215
2023,09,104,69,937
2023,10,104,306,2275
2023,12,104,3195,22530
2023,13,104,599,5293
2023,14,104,5381,32050
2023,17,104,712,4617
2023,18,104,765,5617
2023,19,104,355,3499
2023,20,104,473,4310
2023,21,104,738,5776
2023,22,104,372,3016
2023,23,104,235,1459
2023,24,104,607,3914
2023,25,104,591,4081
2023,aa,104,0,302
2023,t1,104,26540,190756
2023,01,105,26622,108891
2023,03,105,1724,8155
2023,04,105,1032,5696
2023,05,105,1805,9305
2023,06,105,1545,7421
2023,07,105,872,4120
2023,08,105,674,3618
2023,09,105,83,885
2023,10,105,436,2829
2023,12,105,8229,33527
2023,13,105,1250,7565
2023,14,105,8687,39232
2023,17,105,1118,4989
2023,18,105,1041,5440
2023,19,105,1029,5688
2023,20,105,1122,5625
2023,21,105,936,4485
2023,22,105,899,4404
2023,23,105,305,1737
2023,24,105,997,4869
2023,25,105,829,3507
2023,aa,105,0,354
2023,t1,105,61235,272342
2023,01,106,1187,26521
2023,03,106,152,7188
2023,04,106,54,5713
2023,05,106,156,8542
2023,06,106,167,6510
2023,07,106,53,4280
2023,08,106,55,5560
2023,09,106,43,1455
2023,10,106,86,4422
2023,12,106,551,21206
2023,13,106,134,5750
2023,14,106,637,27581
2023,17,106,116,6641
2023,18,106,93,6339
2023,19,106,61,5278
2023,20,106,114,6525
2023,21,106,105,5482
2023,22,106,147,5367
2023,23,106,75,2462
2023,24,106,116,5704
2023,25,106,120,3899
2023,aa,106,0,280
2023,t1,106,4222,172705
2023,01,107,435,8174
2023,03,107,60,1133
2023,04,107,7,1014
2023,05,107,15,1526
2023,06,107,209,1579
2023,07,107,110,785
2023,08,107,136,1480
2023,09,107,89,915
2023,10,107,41,590
2023,12,107,362,5631
2023,13,107,7,1161
2023,14,107,250,6895
2023,17,107,46,640
2023,18,107,51,1112
2023,19,107,115,1167
2023,20,107,6,418
2023,21,107,3,471
2023,22,107,25,453
2023,23,107,10,425
2023,24,107,16,368
2023,25,107,41,550
2023,aa,107,0,41
2023,t1,107,2034,36528
2023,01,109,3,44
2023,03,109,2,16
2023,04,109,0,2
2023,05,109,1,7
2023,06,109,2,11
2023,07,109,2,8
2023,08,109,1,7
2023,09,109,0,2
2023,10,109,0,7
2023,12,109,4,36
2023,13,109,2,10
2023,14,109,5,54
2023,17,109,1,5
2023,18,109,0,1
2023,19,109,0,3
2023,20,109,0,10
2023,21,109,3,18
2023,22,109,0,5
2023,23,109,0,4
2023,24,109,0,13
2023,25,109,0,7
2023,aa,109,0,1
2023,t1,109,26,271
2023,01,t1,107850,967916
2023,03,t1,8207,172409
2023,04,t1,5404,147772
2023,05,t1,9774,220714
2023,06,t1,10077,191848
2023,07,t1,4351,103999
2023,08,t1,4777,134079
2023,09,t1,784,36744
2023,10,t1,2805,86131
2023,12,t1,44807,662586
2023,13,t1,7740,181208
2023,14,t1,47626,807719
2023,17,t1,6876,156129
2023,18,t1,5801,152165
2023,19,t1,4972,137478
2023,20,t1,5280,168438
2023,21,t1,5249,152159
2023,22,t1,4430,132528
2023,23,t1,2069,75562
2023,24,t1,5058,139377
2023,25,t1,4170,143226
2023,aa,t1,0,6976
2023,t1,t1,298107,4977163
2024,01,101,20203,392399
2024,03,101,1583,78626
2024,04,101,1328,74897
2024,05,101,2341,105993
2024,06,101,3035,92372
2024,07,101,1029,49252
2024,08,101,1427,68849
2024,09,101,184,22347
2024,10,101,878,44724
2024,12,101,11959,338241
2024,13,101,2005,91916
2024,14,101,11157,382881
2024,17,101,2044,72993
2024,18,101,1406,73165
2024,19,101,1222,67218
2024,20,101,1002,82370
2024,21,101,1187,75196
2024,22,101,769,59071
2024,23,101,273,34981
2024,24,101,769,63702
2024,25,101,648,62347
2024,aa,101,0,3960
2024,t1,101,66449,2337500
2024,01,102,5488,233819
2024,03,102,576,57559
2024,04,102,431,45763
2024,05,102,733,71827
2024,06,102,1158,63961
2024,07,102,378,36537
2024,08,102,487,45474
2024,09,102,94,8580
2024,10,102,236,26860
2024,12,102,3863,184241
2024,13,102,492,55571
2024,14,102,3026,251213
2024,17,102,1214,59298
2024,18,102,507,51952
2024,19,102,388,46557
2024,20,102,455,61846
2024,21,102,416,52610
2024,22,102,583,53646
2024,23,102,263,31501
2024,24,102,548,53535
2024,25,102,822,63119
2024,aa,102,0,2662
2024,t1,102,22158,1558131
2024,01,103,46732,141988
2024,03,103,1913,10575
2024,04,103,1585,7284
2024,05,103,2495,12178
2024,06,103,2865,11288
2024,07,103,1020,4958
2024,08,103,1075,4968
2024,09,103,212,1352
2024,10,103,673,3433
2024,12,103,10123,39777
2024,13,103,2498,12417
2024,14,103,13656,58082
2024,17,103,1252,5571
2024,18,103,1497,6756
2024,19,103,1398,6500
2024,20,103,1117,5982
2024,21,103,1081,5538
2024,22,103,933,4907
2024,23,103,468,2720
2024,24,103,1282,6321
2024,25,103,964,5133
2024,aa,103,0,532
2024,t1,103,94839,358260
2024,01,104,7025,61012
2024,03,104,969,7747
2024,04,104,582,6291
2024,05,104,1366,9919
2024,06,104,1291,7583
2024,07,104,326,2910
2024,08,104,359,3551
2024,09,104,98,1021
2024,10,104,264,2475
2024,12,104,2711,24247
2024,13,104,631,5889
2024,14,104,4777,35200
2024,17,104,659,5130
2024,18,104,710,6221
2024,19,104,428,3999
2024,20,104,587,4880
2024,21,104,836,6570
2024,22,104,414,3402
2024,23,104,206,1606
2024,24,104,573,4505
2024,25,104,656,4651
2024,aa,104,0,343
2024,t1,104,25468,209152
2024,01,105,28050,121526
2024,03,105,1649,9648
2024,04,105,984,7204
2024,05,105,1912,11808
2024,06,105,1944,9609
2024,07,105,874,5216
2024,08,105,779,4723
2024,09,105,110,1042
2024,10,105,521,3625
2024,12,105,7844,32783
2024,13,105,1450,9254
2024,14,105,8751,45664
2024,17,105,1161,6257
2024,18,105,1104,6919
2024,19,105,1098,7141
2024,20,105,1148,6984
2024,21,105,1044,5722
2024,22,105,961,5423
2024,23,105,292,2041
2024,24,105,906,6002
2024,25,105,692,4443
2024,aa,105,0,512
2024,t1,105,63274,313546
2024,01,106,852,25294
2024,03,106,197,6947
2024,04,106,78,5502
2024,05,106,193,8228
2024,06,106,228,6284
2024,07,106,66,4071
2024,08,106,34,5336
2024,09,106,17,1422
2024,10,106,62,4236
2024,12,106,358,20454
2024,13,106,116,5570
2024,14,106,564,26586
2024,17,106,114,6416
2024,18,106,136,6109
2024,19,106,116,5140
2024,20,106,151,6453
2024,21,106,211,5418
2024,22,106,148,5217
2024,23,106,85,2427
2024,24,106,151,5518
2024,25,106,129,3880
2024,aa,106,0,285
2024,t1,106,4006,166793
2024,01,107,298,7433
2024,03,107,17,1112
2024,04,107,14,936
2024,05,107,37,1424
2024,06,107,111,1522
2024,07,107,25,770
2024,08,107,47,1355
2024,09,107,2,861
2024,10,107,21,550
2024,12,107,437,5528
2024,13,107,13,1062
2024,14,107,37,6271
2024,17,107,3,574
2024,18,107,14,1076
2024,19,107,7,1048
2024,20,107,0,418
2024,21,107,0,438
2024,22,107,1,433
2024,23,107,17,428
2024,24,107,5,344
2024,25,107,0,516
2024,aa,107,0,39
2024,t1,107,1106,34138
2024,01,109,5,35
2024,03,109,2,16
2024,04,109,2,8
2024,05,109,0,4
2024,06,109,1,11
2024,07,109,0,9
2024,08,109,1,8
2024,09,109,0,2
2024,10,109,0,8
2024,12,109,11,41
2024,13,109,3,13
2024,14,109,5,47
2024,17,109,2,6
2024,18,109,0,0
2024,19,109,1,4
2024,20,109,2,12
2024,21,109,0,16
2024,22,109,0,4
2024,23,109,0,4
2024,24,109,3,14
2024,25,109,0,8
2024,aa,109,0,1
2024,t1,109,38,271
2024,01,t1,108653,983506
2024,03,t1,6906,172230
2024,04,t1,5004,147885
2024,05,t1,9077,221381
2024,06,t1,10633,192630
2024,07,t1,3718,103723
2024,08,t1,4209,134264
2024,09,t1,717,36627
2024,10,t1,2655,85911
2024,12,t1,37306,645312
2024,13,t1,7208,181692
2024,14,t1,41973,805944
2024,17,t1,6449,156245
2024,18,t1,5374,152198
2024,19,t1,4658,137607
2024,20,t1,4462,168945
2024,21,t1,4775,151508
2024,22,t1,3809,132103
2024,23,t1,1604,75708
2024,24,t1,4237,139941
2024,25,t1,3911,144097
2024,aa,t1,0,8334
2024,t1,t1,277338,4977791
2025,01,101,17089,382002
2025,03,101,1735,77585
2025,04,101,1283,73736
2025,05,101,2215,104420
2025,06,101,2850,91112
2025,07,101,955,48635
2025,08,101,1309,68200
2025,09,101,176,21957
2025,10,101,757,44117
2025,12,101,13794,332912
2025,13,101,1872,90431
2025,14,101,9531,376747
2025,17,101,2069,71804
2025,18,101,1337,72148
2025,19,101,1290,65883
2025,20,101,1021,81343
2025,21,101,1025,73909
2025,22,101,737,58128
2025,23,101,252,34550
2025,24,101,738,62118
2025,25,101,675,61330
2025,aa,101,0,4463
2025,t1,101,62710,2297530
2025,01,102,5221,216825
2025,03,102,578,56370
2025,04,102,412,44854
2025,05,102,1053,70274
2025,06,102,1072,62159
2025,07,102,392,35893
2025,08,102,498,44927
2025,09,102,89,8664
2025,10,102,265,26448
2025,12,102,3343,180238
2025,13,102,584,54646
2025,14,102,2774,244878
2025,17,102,1302,58757
2025,18,102,597,51062
2025,19,102,396,45682
2025,20,102,591,61582
2025,21,102,558,52099
2025,22,102,496,53447
2025,23,102,235,31925
2025,24,102,413,52962
2025,25,102,533,63084
2025,aa,102,0,3065
2025,t1,102,21402,1519841
2025,01,103,48692,172125
2025,03,103,2243,12823
2025,04,103,1515,9023
2025,05,103,2648,14750
2025,06,103,3145,14025
2025,07,103,1152,6070
2025,08,103,1321,5997
2025,09,103,257,1672
2025,10,103,803,4150
2025,12,103,10208,47437
2025,13,103,2563,14906
2025,14,103,15108,68965
2025,17,103,1263,6660
2025,18,103,1541,8187
2025,19,103,1573,8168
2025,20,103,1225,7374
2025,21,103,1227,6694
2025,22,103,1215,6175
2025,23,103,452,3199
2025,24,103,1334,7531
2025,25,103,880,6045
2025,aa,103,0,733
2025,t1,103,100365,432709
2025,01,104,7319,65599
2025,03,104,860,8420
2025,04,104,478,6633
2025,05,104,1379,10430
2025,06,104,1074,8051
2025,07,104,348,3172
2025,08,104,366,3849
2025,09,104,103,1127
2025,10,104,337,2695
2025,12,104,2434,26289
2025,13,104,622,6356
2025,14,104,4270,37500
2025,17,104,602,5489
2025,18,104,586,6451
2025,19,104,326,4346
2025,20,104,433,5161
2025,21,104,655,7027
2025,22,104,346,3547
2025,23,104,110,1668
2025,24,104,450,4786
2025,25,104,506,5121
2025,aa,104,0,423
2025,t1,104,23604,224140
2025,01,105,30319,132189
2025,03,105,1812,12109
2025,04,105,1232,9064
2025,05,105,2217,14794
2025,06,105,2870,12576
2025,07,105,1030,6740
2025,08,105,1100,6319
2025,09,105,154,1289
2025,10,105,655,4670
2025,12,105,9697,40947
2025,13,105,1831,11627
2025,14,105,10128,55102
2025,17,105,1450,8175
2025,18,105,1430,9038
2025,19,105,1183,8851
2025,20,105,1307,8903
2025,21,105,1226,7639
2025,22,105,1014,7019
2025,23,105,383,2528
2025,24,105,1138,7456
2025,25,105,1047,6021
2025,aa,105,0,756
2025,t1,105,73223,373812
2025,01,106,114,23747
2025,03,106,50,6579
2025,04,106,10,5242
2025,05,106,35,7812
2025,06,106,14,6004
2025,07,106,6,3872
2025,08,106,1,5087
2025,09,106,1,1402
2025,10,106,4,3993
2025,12,106,1246,19710
2025,13,106,15,5354
2025,14,106,112,25330
2025,17,106,46,6218
2025,18,106,42,5880
2025,19,106,21,4892
2025,20,106,31,6299
2025,21,106,63,5344
2025,22,106,31,5017
2025,23,106,31,2421
2025,24,106,27,5333
2025,25,106,26,3884
2025,aa,106,0,306
2025,t1,106,1926,159726
2025,01,107,2,6721
2025,03,107,0,1053
2025,04,107,0,837
2025,05,107,1,1363
2025,06,107,0,1435
2025,07,107,0,688
2025,08,107,1,1202
2025,09,107,0,851
2025,10,107,0,473
2025,12,107,3,5162
2025,13,107,0,984
2025,14,107,3,5648
2025,17,107,1,560
2025,18,107,0,1016
2025,19,107,0,929
2025,20,107,0,392
2025,21,107,0,430
2025,22,107,1,362
2025,23,107,0,397
2025,24,107,0,333
2025,25,107,1,464
2025,aa,107,0,96
2025,t1,107,13,31396
2025,01,109,6,38
2025,03,109,1,15
2025,04,109,2,10
2025,05,109,1,6
2025,06,109,0,11
2025,07,109,4,15
2025,08,109,2,8
2025,09,109,0,2
2025,10,109,0,7
2025,12,109,8,41
2025,13,109,0,13
2025,14,109,2,45
2025,17,109,2,10
2025,18,109,2,2
2025,19,109,0,5
2025,20,109,1,12
2025,21,109,0,8
2025,22,109,0,6
2025,23,109,0,3
2025,24,109,0,13
2025,25,109,2,7
2025,aa,109,0,0
2025,t1,109,33,277
2025,01,t1,108762,999246
2025,03,t1,7279,174954
2025,04,t1,4932,149399
2025,05,t1,9549,223849
2025,06,t1,11025,195373
2025,07,t1,3887,105085
2025,08,t1,4598,135589
2025,09,t1,780,36964
2025,10,t1,2821,86553
2025,12,t1,40733,652736
2025,13,t1,7487,184317
2025,14,t1,41928,814215
2025,17,t1,6735,157673
2025,18,t1,5535,153784
2025,19,t1,4789,138756
2025,20,t1,4609,171066
2025,21,t1,4754,153150
2025,22,t1,3840,133701
2025,23,t1,1463,76691
2025,24,t1,4100,140532
2025,25,t1,3670,145956
2025,aa,t1,0,9842
2025,t1,t1,283276,5039431