county_code,county_name,year,new_regs_total,new_bev,new_phev,bev_share_all_owners,phev_share_all_owners,fleet_total,fleet_bev,fleet_bev_share,private_new_regs,private_bev_share,company_new_regs,company_bev_share,private_phev_share,private_owner_pct,population,land_km2,pop_per_km2,median_income_tkr,mean_income_tkr,new_regs_per_1000_pop,bev_fleet_per_1000_pop,median_income_lag_tkr
01,Stockholm,2010,77476,4,0,5e-05,0.0,800534,43,5e-05,,,,,,,2054343,6519.3,315.1,281.4,312.6,37.71,0.02,
01,Stockholm,2011,85017,49,0,0.00058,0.0,817554,88,0.00011,,,,,,,2091473,6526.24,320.5,288.8,320.8,40.65,0.04,281.4
01,Stockholm,2012,83830,126,263,0.0015,0.00314,829469,210,0.00025,,,,,,,2127006,6526.24,325.9,297.4,328.8,39.41,0.1,288.8
01,Stockholm,2013,82904,123,465,0.00148,0.00561,841954,330,0.00039,,,,,,,2163042,6526.24,331.4,303.5,335.1,38.33,0.15,297.4
01,Stockholm,2014,88171,531,1743,0.00602,0.01977,863946,813,0.00094,,,,,,,2198044,6524.13,336.9,311.0,344.5,40.11,0.37,303.5
01,Stockholm,2015,101563,1013,2472,0.00997,0.02434,887057,1665,0.00188,,,,,,,2231439,6524.13,342.0,321.0,356.4,45.51,0.75,311.0
01,Stockholm,2016,110171,1011,5356,0.00918,0.04862,909434,2567,0.00282,,,,,,,2269060,6524.13,347.8,331.8,368.4,48.55,1.13,321.0
01,Stockholm,2017,118370,1419,8074,0.01199,0.06821,929570,3669,0.00395,,,,,,,2308143,6524.13,353.8,342.9,379.0,51.28,1.59,331.8
01,Stockholm,2018,112453,2150,12164,0.01912,0.10817,931771,5293,0.00568,,,,,,,2344124,6513.83,359.9,354.2,392.8,47.97,2.26,342.9
01,Stockholm,2019,119239,5767,13945,0.04837,0.11695,935865,10285,0.01099,,,,,,,2377081,6513.83,364.9,364.1,403.4,50.16,4.33,354.2
01,Stockholm,2020,107914,10007,35360,0.09273,0.32767,953391,19149,0.02009,,,,,,,2391990,6513.83,367.2,369.8,411.4,45.11,8.01,364.1
01,Stockholm,2021,108356,19767,37844,0.18243,0.34926,965686,36721,0.03803,28934.0,0.22461,63464.0,0.18054,0.20191,0.267,2415139,6513.83,370.8,384.4,432.6,44.87,15.2,369.8
01,Stockholm,2022,95936,30796,27786,0.32101,0.28963,965722,63710,0.06597,27827.0,0.37356,58538.0,0.30847,0.18374,0.2901,2440027,6513.83,374.6,403.1,455.8,39.32,26.11,384.4
01,Stockholm,2023,107850,47543,26622,0.44083,0.24684,967916,103982,0.10743,21501.0,0.37031,72352.0,0.47592,0.15818,0.1994,2454821,6512.46,376.9,420.5,474.3,43.93,42.36,403.1
01,Stockholm,2024,108653,46732,28050,0.4301,0.25816,983506,141988,0.14437,20996.0,0.3473,67037.0,0.44663,0.16879,0.1932,2473307,6548.09,377.7,435.8,493.4,43.93,57.41,420.5
01,Stockholm,2025,108762,48692,30319,0.44769,0.27876,999246,172125,0.17225,23211.0,0.3426,65312.0,0.4644,0.2177,0.2134,2486251,6547.93,379.7,,,43.75,69.23,435.8
03,Uppsala,2010,10017,0,0,0.0,0.0,145307,3,2e-05,,,,,,,335882,8208.4,40.9,259.0,265.9,29.82,0.01,
03,Uppsala,2011,9334,1,0,0.00011,0.0,147403,4,3e-05,,,,,,,338630,8192.07,41.3,267.0,274.4,27.56,0.01,259.0
03,Uppsala,2012,9633,7,19,0.00073,0.00197,149835,12,8e-05,,,,,,,341977,8192.07,41.7,275.6,282.4,28.17,0.04,267.0
03,Uppsala,2013,9763,7,42,0.00072,0.0043,150255,20,0.00013,,,,,,,345481,8192.07,42.2,282.0,288.0,28.26,0.06,275.6
03,Uppsala,2014,10730,33,137,0.00308,0.01277,153499,61,0.0004,,,,,,,348942,8189.62,42.6,290.1,296.0,30.75,0.17,282.0
03,Uppsala,2015,11348,90,273,0.00793,0.02406,157021,143,0.00091,,,,,,,354164,8189.62,43.2,299.3,306.0,32.04,0.4,290.1
03,Uppsala,2016,11492,88,199,0.00766,0.01732,160380,226,0.00141,,,,,,,361373,8189.62,44.1,309.5,316.4,31.8,0.63,299.3
03,Uppsala,2017,10892,105,396,0.00964,0.03636,162740,325,0.002,,,,,,,368971,8189.62,45.1,318.1,324.7,29.52,0.88,309.5
03,Uppsala,2018,9951,207,489,0.0208,0.04914,164118,525,0.0032,,,,,,,376354,8189.27,46.0,327.5,334.0,26.44,1.39,318.1
03,Uppsala,2019,9569,473,586,0.04943,0.06124,165057,990,0.006,,,,,,,383713,8189.28,46.9,335.3,341.2,24.94,2.58,327.5
03,Uppsala,2020,7486,863,1292,0.11528,0.17259,167999,1765,0.01051,,,,,,,388394,8189.28,47.4,340.3,345.3,19.27,4.54,335.3
03,Uppsala,2021,7897,1695,1736,0.21464,0.21983,170634,3512,0.02058,4216.0,0.24383,2305.0,0.24078,0.20968,0.5339,395026,8189.28,48.2,350.6,360.2,19.99,8.89,340.3
03,Uppsala,2022,8936,3078,1549,0.34445,0.17334,171060,6458,0.03775,4424.0,0.4123,3579.0,0.29505,0.18332,0.4951,400682,8189.28,48.9,364.6,374.0,22.3,16.12,350.6
03,Uppsala,2023,8207,2972,1724,0.36213,0.21006,172409,9199,0.05336,3273.0,0.40116,3728.0,0.37741,0.1546,0.3988,404589,8187.72,49.4,377.9,387.9,20.28,22.74,364.6
03,Uppsala,2024,6906,1913,1649,0.27701,0.23878,172230,10575,0.0614,3069.0,0.30368,2753.0,0.27207,0.17041,0.4444,407912,8230.52,49.6,391.3,401.2,16.93,25.92,377.9
03,Uppsala,2025,7279,2243,1812,0.30815,0.24894,174954,12823,0.07329,3381.0,0.33274,2836.0,0.29196,0.20526,0.4646,410575,8230.52,49.9,,,17.73,31.23,391.3
04,Södermanland,2010,7256,0,0,0.0,0.0,128531,7,5e-05,,,,,,,270738,6103.1,44.4,257.9,257.9,26.8,0.03,
04,Södermanland,2011,7978,2,0,0.00025,0.0,131103,9,7e-05,,,,,,,272563,6076.06,44.9,266.4,265.8,29.27,0.03,257.9
04,Södermanland,2012,6674,2,11,0.0003,0.00165,132700,11,8e-05,,,,,,,274723,6076.06,45.2,273.0,271.8,24.29,0.04,266.4
04,Södermanland,2013,7120,4,17,0.00056,0.00239,134518,16,0.00012,,,,,,,277569,6076.06,45.7,278.6,276.5,25.65,0.06,273.0
04,Södermanland,2014,7817,21,29,0.00269,0.00371,137125,34,0.00025,,,,,,,280666,6075.07,46.2,284.0,282.3,27.85,0.12,278.6
04,Södermanland,2015,8475,38,76,0.00448,0.00897,140155,76,0.00054,,,,,,,283712,6075.07,46.7,293.3,291.2,29.87,0.27,284.0
04,Södermanland,2016,9504,43,97,0.00452,0.01021,143234,123,0.00086,,,,,,,288097,6075.07,47.4,302.1,300.9,32.99,0.43,293.3
04,Södermanland,2017,8902,109,181,0.01224,0.02033,145197,236,0.00163,,,,,,,291341,6075.07,48.0,310.0,308.8,30.56,0.81,302.1
04,Södermanland,2018,8084,141,223,0.01744,0.02759,146306,380,0.0026,,,,,,,294695,6071.83,48.5,319.4,318.5,27.43,1.29,310.0
04,Södermanland,2019,7825,287,344,0.03668,0.04396,146310,677,0.00463,,,,,,,297540,6071.83,49.0,326.2,324.9,26.3,2.28,319.4
04,Södermanland,2020,6071,560,939,0.09224,0.15467,147588,1237,0.00838,,,,,,,299401,6071.83,49.3,330.5,328.8,20.28,4.13,326.2
04,Södermanland,2021,6706,1151,1395,0.17164,0.20802,148645,2461,0.01656,3603.0,0.19623,1870.0,0.17861,0.18457,0.5373,301801,6071.83,49.7,343.4,344.3,22.22,8.15,330.5
04,Södermanland,2022,6194,1823,1231,0.29432,0.19874,148574,4286,0.02885,3408.0,0.33333,1804.0,0.3082,0.17899,0.5502,302566,6071.83,49.8,356.7,360.7,20.47,14.17,343.4
04,Södermanland,2023,5404,1850,1032,0.34234,0.19097,147772,5923,0.04008,2560.0,0.32305,1774.0,0.43799,0.19453,0.4737,301944,6068.6,49.8,370.4,375.9,17.9,19.62,356.7
04,Södermanland,2024,5004,1585,984,0.31675,0.19664,147885,7284,0.04925,2521.0,0.28917,1462.0,0.42955,0.18207,0.5038,301542,6097.2,49.5,384.6,390.4,16.59,24.16,370.4
04,Södermanland,2025,4932,1515,1232,0.30718,0.2498,149399,9023,0.0604,2798.0,0.29128,1216.0,0.37582,0.21515,0.5673,300440,6096.7,49.3,,,16.42,30.03,384.6
05,Östergötland,2010,12310,0,0,0.0,0.0,195813,4,2e-05,,,,,,,429642,10604.6,40.5,252.6,254.1,28.65,0.01,
05,Östergötland,2011,13398,2,0,0.00015,0.0,198012,8,4e-05,,,,,,,431075,10544.58,40.9,260.2,262.2,31.08,0.02,252.6
05,Östergötland,2012,12055,6,38,0.0005,0.00315,200253,14,7e-05,,,,,,,433784,10544.58,41.1,268.2,269.4,27.79,0.03,260.2
05,Östergötland,2013,11453,7,31,0.00061,0.00271,202682,20,0.0001,,,,,,,437848,10544.58,41.5,274.3,275.2,26.16,0.05,268.2
05,Östergötland,2014,12978,26,76,0.002,0.00586,207094,44,0.00021,,,,,,,442105,10559.43,41.9,281.3,282.1,29.36,0.1,274.3
05,Östergötland,2015,14183,81,101,0.00571,0.00712,211198,132,0.00063,,,,,,,445661,10559.43,42.2,291.3,291.9,31.82,0.3,281.3
05,Östergötland,2016,15369,106,196,0.0069,0.01275,215203,231,0.00107,,,,,,,452105,10559.43,42.8,301.3,302.4,33.99,0.51,291.3
05,Östergötland,2017,15288,160,360,0.01047,0.02355,218944,353,0.00161,,,,,,,457496,10559.43,43.3,309.7,310.5,33.42,0.77,301.3
05,Östergötland,2018,13861,276,582,0.01991,0.04199,219958,595,0.00271,,,,,,,461583,10557.43,43.7,319.8,320.3,30.03,1.29,309.7
05,Östergötland,2019,13751,606,547,0.04407,0.03978,220581,1119,0.00507,,,,,,,465495,10557.43,44.1,329.1,329.4,29.54,2.4,319.8
05,Östergötland,2020,10604,1040,1642,0.09808,0.15485,221775,2074,0.00935,,,,,,,467158,10557.43,44.2,334.1,334.0,22.7,4.44,329.1
05,Östergötland,2021,11151,2120,2143,0.19012,0.19218,223319,4182,0.01873,5630.0,0.22078,3725.0,0.1855,0.17105,0.5049,469704,10557.44,44.5,346.7,348.4,23.74,8.9,334.1
05,Östergötland,2022,10913,3617,2232,0.33144,0.20453,223019,7671,0.0344,5695.0,0.39982,3466.0,0.30381,0.1691,0.5219,471912,10557.44,44.7,359.4,364.2,23.13,16.26,346.7
05,Östergötland,2023,9774,3310,1805,0.33865,0.18467,220714,10322,0.04677,4329.0,0.34465,3283.0,0.41882,0.15015,0.4429,472298,10555.46,44.7,373.7,380.7,20.69,21.85,359.4
05,Östergötland,2024,9077,2495,1912,0.27487,0.21064,221381,12178,0.05501,4186.0,0.29145,3137.0,0.32196,0.15815,0.4612,472446,10603.05,44.6,389.1,396.6,19.21,25.78,373.7
05,Östergötland,2025,9549,2648,2217,0.27731,0.23217,223849,14750,0.06589,4612.0,0.31201,2978.0,0.31531,0.201,0.483,472529,10603.05,44.6,,,20.21,31.22,389.1
06,Jönköping,2010,13254,0,0,0.0,0.0,165865,3,2e-05,,,,,,,336866,10494.6,32.1,262.3,260.4,39.35,0.01,
06,Jönköping,2011,13618,6,0,0.00044,0.0,168322,11,7e-05,,,,,,,337896,10437.71,32.4,270.6,269.2,40.3,0.03,262.3
06,Jönköping,2012,11521,2,18,0.00017,0.00156,170152,13,8e-05,,,,,,,339116,10437.71,32.4,278.6,276.5,33.97,0.04,270.6
06,Jönköping,2013,11363,9,22,0.00079,0.00194,171961,18,0.0001,,,,,,,341235,10437.71,32.7,284.9,281.5,33.3,0.05,278.6
06,Jönköping,2014,12882,36,183,0.00279,0.01421,175963,60,0.00034,,,,,,,344262,10436.68,33.0,292.5,289.8,37.42,0.17,284.9
06,Jönköping,2015,14412,111,343,0.0077,0.0238,179099,149,0.00083,,,,,,,347837,10436.68,33.3,300.6,298.6,41.43,0.43,292.5
06,Jönköping,2016,14671,92,375,0.00627,0.02556,183430,233,0.00127,,,,,,,352735,10436.68,33.8,311.0,309.4,41.59,0.66,300.6
06,Jönköping,2017,14376,103,501,0.00716,0.03485,187851,302,0.00161,,,,,,,357237,10436.68,34.2,320.5,318.9,40.24,0.85,311.0
06,Jönköping,2018,13595,236,501,0.01736,0.03685,189559,468,0.00247,,,,,,,360825,10436.46,34.6,329.6,328.7,37.68,1.3,320.5
06,Jönköping,2019,13141,421,543,0.03204,0.04132,190791,851,0.00446,,,,,,,363599,10436.45,34.8,337.2,335.3,36.14,2.34,329.6
06,Jönköping,2020,10444,839,1410,0.08033,0.13501,191773,1628,0.00849,,,,,,,365010,10436.45,35.0,340.4,337.9,28.61,4.46,337.2
06,Jönköping,2021,10824,1828,1849,0.16888,0.17082,193384,3476,0.01797,5054.0,0.19865,3365.0,0.19406,0.12426,0.4669,367064,10436.45,35.2,354.0,353.4,29.49,9.47,340.4
06,Jönköping,2022,10074,3471,1562,0.34455,0.15505,192298,6663,0.03465,5121.0,0.405,3051.0,0.34775,0.11853,0.5083,369113,10436.45,35.4,365.4,369.1,27.29,18.05,354.0
06,Jönköping,2023,10077,3193,1545,0.31686,0.15332,191848,9323,0.0486,3425.0,0.33839,4182.0,0.34051,0.10102,0.3399,368856,10435.16,35.3,377.6,382.3,27.32,25.28,365.4
06,Jönköping,2024,10633,2865,1944,0.26944,0.18283,192630,11288,0.0586,3630.0,0.30275,4618.0,0.25617,0.11818,0.3414,370009,10480.23,35.3,390.9,394.7,28.74,30.51,377.6
06,Jönköping,2025,11025,3145,2870,0.28526,0.26032,195373,14025,0.07179,3937.0,0.3241,4887.0,0.2435,0.20625,0.3571,369722,10480.23,35.3,,,29.82,37.93,390.9
07,Kronoberg,2010,6794,0,0,0.0,0.0,91820,5,5e-05,,,,,,,183940,8468.0,21.7,259.6,257.8,36.94,0.03,
07,Kronoberg,2011,7153,9,0,0.00126,0.0,93147,11,0.00012,,,,,,,184654,8424.95,21.9,267.4,265.8,38.74,0.06,259.6
07,Kronoberg,2012,6172,2,10,0.00032,0.00162,94246,13,0.00014,,,,,,,185887,8424.95,22.0,274.6,272.6,33.2,0.07,267.4
07,Kronoberg,2013,6081,2,13,0.00033,0.00214,95394,14,0.00015,,,,,,,187156,8424.95,22.2,279.2,276.5,32.49,0.07,274.6
07,Kronoberg,2014,6618,18,35,0.00272,0.00529,97289,33,0.00034,,,,,,,189128,8424.33,22.5,285.8,283.6,34.99,0.17,279.2
07,Kronoberg,2015,7205,26,57,0.00361,0.00791,98639,52,0.00053,,,,,,,191369,8424.33,22.7,294.2,291.8,37.65,0.27,285.8
07,Kronoberg,2016,7317,44,135,0.00601,0.01845,100999,97,0.00096,,,,,,,194628,8424.33,23.1,304.7,302.2,37.59,0.5,294.2
07,Kronoberg,2017,7188,43,217,0.00598,0.03019,102851,136,0.00132,,,,,,,197519,8424.33,23.4,312.8,310.9,36.39,0.69,304.7
07,Kronoberg,2018,6000,91,229,0.01517,0.03817,103520,227,0.00219,,,,,,,199886,8423.28,23.7,321.4,319.4,30.02,1.14,312.8
07,Kronoberg,2019,5558,215,239,0.03868,0.043,103667,437,0.00422,,,,,,,201469,8423.28,23.9,329.3,326.4,27.59,2.17,321.4
07,Kronoberg,2020,4698,437,699,0.09302,0.14879,104153,835,0.00802,,,,,,,202263,8423.29,24.0,332.0,329.0,23.23,4.13,329.3
07,Kronoberg,2021,4745,863,907,0.18188,0.19115,104477,1695,0.01622,2433.0,0.21702,1303.0,0.1957,0.16975,0.5128,203340,8423.29,24.1,344.5,343.5,23.34,8.34,332.0
07,Kronoberg,2022,4703,1458,878,0.31001,0.18669,104132,3028,0.02908,2448.0,0.39011,1327.0,0.29842,0.16503,0.5205,204335,8423.28,24.3,357.3,358.5,23.02,14.82,344.5
07,Kronoberg,2023,4351,1412,872,0.32452,0.20041,103999,4261,0.04097,1821.0,0.33498,1530.0,0.38693,0.15815,0.4185,203686,8422.99,24.2,369.4,372.5,21.36,20.92,357.3
07,Kronoberg,2024,3718,1020,874,0.27434,0.23507,103723,4958,0.0478,1761.0,0.27768,1181.0,0.32515,0.16865,0.4736,203351,8457.96,24.0,382.9,385.5,18.28,24.38,369.4
07,Kronoberg,2025,3887,1152,1030,0.29637,0.26499,105085,6070,0.05776,1955.0,0.29258,1257.0,0.33811,0.20102,0.503,203121,8457.96,24.0,,,19.14,29.88,382.9
08,Kalmar,2010,6333,0,0,0.0,0.0,120546,3,2e-05,,,,,,,233536,11219.1,20.8,253.8,251.0,27.12,0.01,
08,Kalmar,2011,7014,4,0,0.00057,0.0,122082,9,7e-05,,,,,,,233090,11165.51,20.9,262.1,259.3,30.09,0.04,253.8
08,Kalmar,2012,6566,1,4,0.00015,0.00061,122986,10,8e-05,,,,,,,233548,11165.51,20.9,269.7,265.9,28.11,0.04,262.1
08,Kalmar,2013,5983,4,14,0.00067,0.00234,124187,12,0.0001,,,,,,,233874,11165.51,21.0,276.2,272.0,25.58,0.05,269.7
08,Kalmar,2014,6357,11,48,0.00173,0.00755,126290,20,0.00016,,,,,,,235598,11164.69,21.1,284.1,279.9,26.98,0.08,276.2
08,Kalmar,2015,7540,35,60,0.00464,0.00796,128253,55,0.00043,,,,,,,237679,11164.69,21.3,293.3,289.2,31.72,0.23,284.1
08,Kalmar,2016,8442,76,138,0.009,0.01635,132177,132,0.001,,,,,,,242301,11164.69,21.7,302.5,298.1,34.84,0.54,293.3
08,Kalmar,2017,8372,108,183,0.0129,0.02186,133537,202,0.00151,,,,,,,243536,11164.69,21.8,311.1,305.5,34.38,0.83,302.5
08,Kalmar,2018,7265,75,147,0.01032,0.02023,134329,266,0.00198,,,,,,,244670,11159.9,21.9,320.1,315.1,29.69,1.09,311.1
08,Kalmar,2019,7133,171,173,0.02397,0.02425,134522,431,0.0032,,,,,,,245446,11159.8,22.0,327.7,322.9,29.06,1.76,320.1
08,Kalmar,2020,5354,368,606,0.06873,0.11319,134997,797,0.0059,,,,,,,246010,11159.8,22.0,332.1,327.4,21.76,3.24,327.7
08,Kalmar,2021,5287,708,886,0.13391,0.16758,135603,1457,0.01074,2552.0,0.15556,1435.0,0.14913,0.13871,0.4827,247175,11159.8,22.1,344.7,341.7,21.39,5.89,332.1
08,Kalmar,2022,5484,1644,805,0.29978,0.14679,134639,3009,0.02235,2798.0,0.37455,1500.0,0.27267,0.13438,0.5102,247711,11159.8,22.2,356.9,356.9,22.14,12.15,344.7
08,Kalmar,2023,4777,1427,674,0.29872,0.14109,134079,4182,0.03119,1966.0,0.30722,1329.0,0.35365,0.10987,0.4116,246667,11158.65,22.1,368.8,370.4,19.37,16.95,356.9
08,Kalmar,2024,4209,1075,779,0.25541,0.18508,134264,4968,0.037,1836.0,0.2658,1241.0,0.25786,0.12854,0.4362,246352,11206.91,22.0,383.1,384.8,17.09,20.17,368.8
08,Kalmar,2025,4598,1321,1100,0.2873,0.23923,135589,5997,0.04423,2327.0,0.29179,1199.0,0.26272,0.18737,0.506,245477,11206.0,21.9,,,18.73,24.43,383.1
09,Gotland,2010,1149,0,0,0.0,0.0,32425,3,9e-05,,,,,,,57269,3151.4,18.2,238.9,236.1,20.06,0.05,
09,Gotland,2011,1129,0,0,0.0,0.0,32796,4,0.00012,,,,,,,57308,3134.05,18.3,245.6,242.1,19.7,0.07,238.9
09,Gotland,2012,1061,2,5,0.00189,0.00471,32934,5,0.00015,,,,,,,57241,3134.05,18.2,252.3,248.5,18.54,0.09,245.6
09,Gotland,2013,943,3,5,0.00318,0.0053,33311,8,0.00024,,,,,,,57161,3134.05,18.2,257.7,254.8,16.5,0.14,252.3
09,Gotland,2014,1344,5,7,0.00372,0.00521,33914,17,0.0005,,,,,,,57255,3134.98,18.3,264.7,262.3,23.47,0.3,257.7
09,Gotland,2015,1398,32,17,0.02289,0.01216,34490,50,0.00145,,,,,,,57391,3134.98,18.3,275.5,271.7,24.36,0.87,264.7
09,Gotland,2016,1435,22,31,0.01533,0.0216,35175,65,0.00185,,,,,,,58003,3134.98,18.5,285.4,281.8,24.74,1.12,275.5
09,Gotland,2017,1346,25,26,0.01857,0.01932,35733,85,0.00238,,,,,,,58595,3134.98,18.7,293.9,289.5,22.97,1.45,285.4
09,Gotland,2018,1176,32,49,0.02721,0.04167,36042,115,0.00319,,,,,,,59249,3134.44,18.9,303.2,299.5,19.85,1.94,293.9
09,Gotland,2019,1149,56,39,0.04874,0.03394,36089,184,0.0051,,,,,,,59686,3134.44,19.0,311.1,306.5,19.25,3.08,303.2
09,Gotland,2020,978,105,128,0.10736,0.13088,36663,293,0.00799,,,,,,,60124,3134.44,19.2,318.0,313.2,16.27,4.87,311.1
09,Gotland,2021,1044,238,173,0.22797,0.16571,36896,570,0.01545,520.0,0.24038,329.0,0.27052,0.15,0.4981,61001,3134.44,19.5,330.0,326.7,17.11,9.34,318.0
09,Gotland,2022,987,324,150,0.32827,0.15198,36890,917,0.02486,490.0,0.37959,313.0,0.33546,0.15714,0.4965,61173,3134.44,19.5,342.1,341.8,16.13,14.99,330.0
09,Gotland,2023,784,234,83,0.29847,0.10587,36744,1142,0.03108,295.0,0.38983,346.0,0.23988,0.12542,0.3763,61029,3134.0,19.5,358.0,357.9,12.85,18.71,342.1
09,Gotland,2024,717,212,110,0.29568,0.15342,36627,1352,0.03691,300.0,0.32,267.0,0.31835,0.12,0.4184,60971,3150.2,19.4,373.6,373.9,11.76,22.17,358.0
09,Gotland,2025,780,257,154,0.32949,0.19744,36964,1672,0.04523,356.0,0.33708,310.0,0.34839,0.16292,0.4564,60852,3150.2,19.3,,,12.82,27.48,373.6
10,Blekinge,2010,3950,0,0,0.0,0.0,77931,1,1e-05,,,,,,,153227,2946.7,52.0,256.4,257.3,25.78,0.01,
10,Blekinge,2011,3883,2,0,0.00052,0.0,78734,4,5e-05,,,,,,,152979,2931.33,52.2,263.5,263.4,25.38,0.03,256.4
10,Blekinge,2012,3606,1,6,0.00028,0.00166,79086,5,6e-05,,,,,,,152315,2931.33,51.9,271.4,270.5,23.67,0.03,263.5
10,Blekinge,2013,3272,4,8,0.00122,0.00244,79591,7,9e-05,,,,,,,152757,2931.33,52.1,277.1,276.9,21.42,0.05,271.4
10,Blekinge,2014,3609,4,14,0.00111,0.00388,80808,11,0.00014,,,,,,,154157,2931.1,52.6,284.1,284.5,23.41,0.07,277.1
10,Blekinge,2015,4216,50,12,0.01186,0.00285,82300,67,0.00081,,,,,,,156253,2931.1,53.3,292.3,292.0,26.98,0.43,284.1
10,Blekinge,2016,4798,47,49,0.0098,0.01021,84001,116,0.00138,,,,,,,158453,2931.1,54.1,302.6,301.4,30.28,0.73,292.3
10,Blekinge,2017,4492,62,73,0.0138,0.01625,85088,143,0.00168,,,,,,,159371,2931.1,54.4,312.1,310.9,28.19,0.9,302.6
10,Blekinge,2018,3992,60,132,0.01503,0.03307,85523,178,0.00208,,,,,,,159684,2931.25,54.5,321.0,320.6,25.0,1.11,312.1
10,Blekinge,2019,4108,166,118,0.04041,0.02872,85601,310,0.00362,,,,,,,159606,2931.25,54.4,329.2,328.1,25.74,1.94,321.0
10,Blekinge,2020,3246,194,438,0.05977,0.13494,85961,501,0.00583,,,,,,,159056,2931.25,54.3,335.4,333.6,20.41,3.15,329.2
10,Blekinge,2021,3515,525,659,0.14936,0.18748,86192,1040,0.01207,1982.0,0.16852,892.0,0.15807,0.167,0.5639,158937,2931.25,54.2,348.5,349.2,22.12,6.54,335.4
10,Blekinge,2022,3425,1022,570,0.29839,0.16642,85945,2036,0.02369,1884.0,0.37049,930.0,0.25699,0.18259,0.5501,158740,2931.26,54.2,360.3,364.2,21.58,12.83,348.5
10,Blekinge,2023,2805,799,436,0.28485,0.15544,86131,2835,0.03291,1291.0,0.32843,857.0,0.29405,0.15492,0.4602,157973,2931.18,53.9,376.9,381.9,17.76,17.95,360.3
10,Blekinge,2024,2655,673,521,0.25348,0.19623,85911,3433,0.03996,1312.0,0.26448,668.0,0.26497,0.1654,0.4942,157223,2942.92,53.4,393.3,398.7,16.89,21.84,376.9
10,Blekinge,2025,2821,803,655,0.28465,0.23219,86553,4150,0.04795,1506.0,0.29748,671.0,0.31297,0.20452,0.5339,156616,2942.9,53.2,,,18.01,26.5,393.3
12,Skåne,2010,41045,4,0,0.0001,0.0,574107,25,4e-05,,,,,,,1243329,11035.4,112.7,246.6,253.2,33.01,0.02,
12,Skåne,2011,43911,26,0,0.00059,0.0,581199,39,7e-05,,,,,,,1252933,10968.81,114.2,255.7,264.8,35.05,0.03,246.6
12,Skåne,2012,38628,18,79,0.00047,0.00205,586880,59,0.0001,,,,,,,1263088,10968.81,115.1,262.9,271.7,30.58,0.05,255.7
12,Skåne,2013,38567,39,102,0.00101,0.00264,594937,91,0.00015,,,,,,,1274069,10968.81,116.2,269.0,277.7,30.27,0.07,262.9
12,Skåne,2014,42434,197,281,0.00464,0.00662,604755,264,0.00044,,,,,,,1288908,10967.83,117.5,275.8,285.4,32.92,0.2,269.0
12,Skåne,2015,46958,325,477,0.00692,0.01016,614845,542,0.00088,,,,,,,1303627,10967.83,118.9,285.0,295.9,36.02,0.42,275.8
12,Skåne,2016,51243,481,1209,0.00939,0.02359,629359,1018,0.00162,,,,,,,1324565,10967.83,120.8,295.9,306.6,38.69,0.77,285.0
12,Skåne,2017,51883,605,1775,0.01166,0.03421,639700,1579,0.00247,,,,,,,1344689,10967.83,122.6,304.1,314.8,38.58,1.17,295.9
12,Skåne,2018,49233,1203,2253,0.02443,0.04576,645028,2629,0.00408,,,,,,,1362164,10965.04,124.2,313.3,325.0,36.14,1.93,304.1
12,Skåne,2019,54580,2260,3139,0.04141,0.05751,651510,4352,0.00668,,,,,,,1377827,10965.04,125.7,322.6,334.2,39.61,3.16,313.3
12,Skåne,2020,46511,4022,8705,0.08647,0.18716,660896,7944,0.01202,,,,,,,1389336,10965.03,126.7,329.3,341.7,33.48,5.72,322.6
12,Skåne,2021,46609,8461,9671,0.18153,0.20749,666617,15855,0.02378,17638.0,0.22355,18894.0,0.1953,0.14803,0.3784,1402425,10965.03,127.9,342.4,358.0,33.23,11.31,329.3
12,Skåne,2022,41282,12767,8550,0.30926,0.20711,663102,26838,0.04047,16964.0,0.39189,17426.0,0.28681,0.13299,0.4109,1414324,10965.03,129.0,356.7,374.9,29.19,18.98,342.4
12,Skåne,2023,44807,14573,8229,0.32524,0.18365,662586,38511,0.05812,13134.0,0.3644,19780.0,0.39944,0.10766,0.2931,1421781,10963.08,129.7,369.8,391.3,31.51,27.09,356.7
12,Skåne,2024,37306,10123,7844,0.27135,0.21026,645312,39777,0.06164,13082.0,0.31906,14076.0,0.28701,0.13782,0.3507,1428626,11007.64,129.8,385.5,409.2,26.11,27.84,369.8
12,Skåne,2025,40733,10208,9697,0.25061,0.23806,652736,47437,0.07267,14321.0,0.31604,13347.0,0.27632,0.18002,0.3516,1433083,11006.76,130.2,,,28.42,33.1,385.5
13,Halland,2010,10022,0,0,0.0,0.0,152586,7,5e-05,,,,,,,299484,5461.6,54.8,264.9,274.9,33.46,0.02,
13,Halland,2011,11273,2,0,0.00018,0.0,155689,9,6e-05,,,,,,,301724,5427.44,55.6,274.1,284.8,37.36,0.03,264.9
13,Halland,2012,9957,1,19,0.0001,0.00191,157454,8,5e-05,,,,,,,304116,5427.44,56.0,284.1,294.1,32.74,0.03,274.1
13,Halland,2013,9591,8,24,0.00083,0.0025,159424,22,0.00014,,,,,,,306840,5427.44,56.5,289.9,299.9,31.26,0.07,284.1
13,Halland,2014,10889,41,45,0.00377,0.00413,163034,71,0.00044,,,,,,,310665,5427.04,57.2,297.6,308.1,35.05,0.23,289.9
13,Halland,2015,11665,149,77,0.01277,0.0066,166759,207,0.00124,,,,,,,314784,5427.04,58.0,307.0,318.1,37.06,0.66,297.6
13,Halland,2016,12397,107,163,0.00863,0.01315,170575,316,0.00185,,,,,,,320333,5427.04,59.0,317.8,328.9,38.7,0.99,307.0
13,Halland,2017,11899,220,248,0.01849,0.02084,173947,488,0.00281,,,,,,,324825,5427.04,59.9,327.0,337.8,36.63,1.5,317.8
13,Halland,2018,11705,425,364,0.03631,0.0311,175912,823,0.00468,,,,,,,329352,5426.59,60.7,337.0,348.6,35.54,2.5,327.0
13,Halland,2019,11899,534,424,0.04488,0.03563,177780,1288,0.00724,,,,,,,333848,5426.59,61.5,345.8,357.6,35.64,3.86,337.0
13,Halland,2020,8949,1029,1202,0.11498,0.13432,179624,2294,0.01277,,,,,,,336748,5426.6,62.1,352.2,363.7,26.57,6.81,345.8
13,Halland,2021,9787,2086,1704,0.21314,0.17411,181386,4546,0.02506,5334.0,0.24541,2511.0,0.24572,0.15298,0.545,340243,5426.6,62.7,364.8,380.5,28.76,13.36,352.2
13,Halland,2022,9643,3510,1608,0.36399,0.16675,181259,7835,0.04323,5475.0,0.43105,2531.0,0.36468,0.13753,0.5678,342805,5426.6,63.2,379.4,399.0,28.13,22.86,364.8
13,Halland,2023,7740,3124,1250,0.40362,0.1615,181208,10583,0.0584,3691.0,0.39203,2779.0,0.50594,0.11677,0.4769,343746,5426.06,63.4,392.2,415.3,22.52,30.79,379.4
13,Halland,2024,7208,2498,1450,0.34656,0.20117,181692,12417,0.06834,3835.0,0.35645,2252.0,0.37966,0.1369,0.532,345074,5450.92,63.3,406.1,428.0,20.89,35.98,392.2
13,Halland,2025,7487,2563,1831,0.34233,0.24456,184317,14906,0.08087,4286.0,0.35301,2169.0,0.36422,0.18829,0.5725,346090,5450.85,63.5,,,21.63,43.07,406.1
14,Västra Götaland,2010,62046,3,0,5e-05,0.0,711309,52,7e-05,,,,,,,1580297,23956.1,66.0,260.0,264.9,39.26,0.03,
14,Västra Götaland,2011,62217,52,0,0.00084,0.0,722140,104,0.00014,,,,,,,1590604,23797.3,66.8,268.2,273.6,39.12,0.07,260.0
14,Västra Götaland,2012,55316,68,109,0.00123,0.00197,726312,150,0.00021,,,,,,,1600447,23797.3,67.2,277.8,283.1,34.56,0.09,268.2
14,Västra Götaland,2013,50673,181,219,0.00357,0.00432,729890,304,0.00042,,,,,,,1615084,23797.3,67.9,283.6,288.4,31.37,0.19,277.8
14,Västra Götaland,2014,58636,190,385,0.00324,0.00657,743694,468,0.00063,,,,,,,1632012,23799.85,68.6,290.4,295.8,35.93,0.29,283.6
14,Västra Götaland,2015,65960,531,1195,0.00805,0.01812,756139,934,0.00124,,,,,,,1648682,23799.85,69.3,301.2,307.5,40.01,0.57,290.4
14,Västra Götaland,2016,70786,506,1303,0.00715,0.01841,772147,1363,0.00177,,,,,,,1671783,23799.85,70.2,312.7,318.8,42.34,0.82,301.2
14,Västra Götaland,2017,72211,798,2202,0.01105,0.03049,784235,1985,0.00253,,,,,,,1690782,23799.85,71.0,323.1,328.7,42.71,1.17,312.7
14,Västra Götaland,2018,66358,1242,2689,0.01872,0.04052,787697,2909,0.00369,,,,,,,1709814,23800.32,71.8,333.6,340.3,38.81,1.7,323.1
14,Västra Götaland,2019,60098,2768,2645,0.04606,0.04401,789311,5349,0.00678,,,,,,,1725881,23800.38,72.5,342.5,348.6,34.82,3.1,333.6
14,Västra Götaland,2020,46676,4982,7292,0.10674,0.15623,798849,9934,0.01244,,,,,,,1734443,23800.38,72.9,346.8,351.9,26.91,5.73,342.5
14,Västra Götaland,2021,51941,10981,10382,0.21141,0.19988,807313,19664,0.02436,24960.0,0.20873,14849.0,0.25665,0.15785,0.4805,1744859,23800.37,73.3,359.8,368.5,29.77,11.27,346.8
14,Västra Götaland,2022,52214,17790,10705,0.34071,0.20502,808621,35627,0.04406,25368.0,0.40114,16002.0,0.37608,0.15098,0.4858,1758656,23800.37,73.9,375.2,387.6,29.69,20.26,359.8
14,Västra Götaland,2023,47626,18197,8687,0.38208,0.1824,807719,48936,0.06059,17801.0,0.36914,15896.0,0.47295,0.12224,0.3738,1767016,23797.89,74.3,390.5,404.2,26.95,27.69,375.2
14,Västra Götaland,2024,41973,13656,8751,0.32535,0.20849,805944,58082,0.07207,17426.0,0.32738,13181.0,0.45732,0.15041,0.4152,1772821,23914.31,74.1,404.9,420.1,23.68,32.76,390.5
14,Västra Götaland,2025,41928,15108,10128,0.36033,0.24156,814215,68965,0.0847,19188.0,0.3448,11759.0,0.46007,0.18444,0.4576,1777803,23914.09,74.3,,,23.58,38.79,404.9
17,Värmland,2010,7976,0,0,0.0,0.0,143651,6,4e-05,,,,,,,273265,17591.3,15.5,251.2,246.2,29.19,0.02,
17,Värmland,2011,8275,1,0,0.00012,0.0,145330,6,4e-05,,,,,,,272736,17517.15,15.6,258.9,253.7,30.34,0.02,251.2
17,Värmland,2012,7486,3,5,0.0004,0.00067,146721,9,6e-05,,,,,,,273080,17517.15,15.5,271.9,268.7,27.41,0.03,258.9
17,Värmland,2013,6779,2,22,0.0003,0.00325,147440,5,3e-05,,,,,,,273815,17517.15,15.6,277.3,273.2,24.76,0.02,271.9
17,Värmland,2014,7593,23,48,0.00303,0.00632,149218,25,0.00017,,,,,,,274691,17518.8,15.7,282.9,278.4,27.64,0.09,277.3
17,Värmland,2015,8531,47,70,0.00551,0.00821,150789,57,0.00038,,,,,,,275904,17518.8,15.7,295.2,293.8,30.92,0.21,282.9
17,Värmland,2016,9304,42,162,0.00451,0.01741,153076,93,0.00061,,,,,,,279334,17518.8,15.9,304.4,302.7,33.31,0.33,295.2
17,Värmland,2017,9158,84,298,0.00917,0.03254,154948,159,0.00103,,,,,,,280399,17518.8,16.0,312.3,310.8,32.66,0.57,304.4
17,Värmland,2018,8823,263,249,0.02981,0.02822,155764,257,0.00165,,,,,,,281482,17519.24,16.1,321.6,320.3,31.34,0.91,312.3
17,Värmland,2019,8668,341,291,0.03934,0.03357,155663,478,0.00307,,,,,,,282414,17519.24,16.1,329.8,328.2,30.69,1.69,321.6
17,Värmland,2020,7128,590,944,0.08277,0.13244,156597,937,0.00598,,,,,,,282885,17519.24,16.1,333.3,328.5,25.2,3.31,329.8
17,Värmland,2021,6942,991,1215,0.14275,0.17502,157181,1817,0.01156,3017.0,0.16341,2445.0,0.16442,0.16506,0.4346,283196,17519.24,16.2,344.3,341.9,24.51,6.42,333.3
17,Värmland,2022,7854,1851,1147,0.23568,0.14604,156665,3351,0.02139,3134.0,0.32355,3026.0,0.21745,0.1538,0.399,283976,17519.23,16.2,359.1,362.0,27.66,11.8,344.3
17,Värmland,2023,6876,1688,1118,0.24549,0.16259,156129,4734,0.03032,2219.0,0.29383,2978.0,0.26729,0.14736,0.3227,283548,17528.01,16.2,373.3,376.8,24.25,16.7,359.1
17,Värmland,2024,6449,1252,1161,0.19414,0.18003,156245,5571,0.03566,2205.0,0.25624,2923.0,0.15771,0.18095,0.3419,283384,17613.35,16.1,387.0,390.4,22.76,19.66,373.3
17,Värmland,2025,6735,1263,1450,0.18753,0.21529,157673,6660,0.04224,2555.0,0.24305,2871.0,0.15291,0.23483,0.3793,283037,17613.35,16.1,,,23.8,23.53,387.0
18,Örebro,2010,8166,0,0,0.0,0.0,134871,6,4e-05,,,,,,,280230,8546.3,32.8,254.6,253.0,29.14,0.02,
18,Örebro,2011,8385,4,0,0.00048,0.0,137112,12,9e-05,,,,,,,281572,8503.94,33.1,263.7,261.3,29.78,0.04,254.6
18,Örebro,2012,8204,3,9,0.00037,0.0011,138870,12,9e-05,,,,,,,283113,8503.94,33.2,272.6,269.9,28.98,0.04,263.7
18,Örebro,2013,7933,4,19,0.0005,0.0024,141001,16,0.00011,,,,,,,285395,8503.94,33.6,277.9,275.0,27.8,0.06,272.6
18,Örebro,2014,8991,13,52,0.00145,0.00578,140967,31,0.00022,,,,,,,288150,8504.39,33.9,283.9,281.6,31.2,0.11,277.9
18,Örebro,2015,9029,53,70,0.00587,0.00775,143710,84,0.00058,,,,,,,291012,8504.39,34.2,292.4,290.7,31.03,0.29,283.9
18,Örebro,2016,9375,36,141,0.00384,0.01504,146503,114,0.00078,,,,,,,294941,8504.39,34.7,301.7,299.6,31.79,0.39,292.4
18,Örebro,2017,8873,81,209,0.00913,0.02355,148650,179,0.0012,,,,,,,298907,8504.39,35.1,310.3,307.4,29.68,0.6,301.7
18,Örebro,2018,8089,134,313,0.01657,0.03869,150192,294,0.00196,,,,,,,302252,8504.0,35.5,318.9,316.5,26.76,0.97,310.3
18,Örebro,2019,7550,224,359,0.02967,0.04755,150293,499,0.00332,,,,,,,304805,8503.99,35.8,326.5,323.4,24.77,1.64,318.9
18,Örebro,2020,6097,422,946,0.06921,0.15516,151694,894,0.00589,,,,,,,305643,8503.99,35.9,331.7,327.0,19.95,2.92,326.5
18,Örebro,2021,6469,1081,1196,0.1671,0.18488,152789,2028,0.01327,3544.0,0.19131,1732.0,0.16975,0.16761,0.5478,306792,8503.98,36.1,343.5,341.9,21.09,6.61,331.7
18,Örebro,2022,6599,2084,1261,0.31581,0.19109,152417,3994,0.0262,3574.0,0.38472,1780.0,0.27472,0.16172,0.5416,307772,8503.99,36.2,356.8,358.4,21.44,12.98,343.5
18,Örebro,2023,5801,1863,1041,0.32115,0.17945,152165,5659,0.03719,2695.0,0.34879,1994.0,0.34203,0.13729,0.4646,308116,8503.39,36.2,370.0,373.5,18.83,18.37,356.8
18,Örebro,2024,5374,1497,1104,0.27856,0.20543,152198,6756,0.04439,2664.0,0.29017,1711.0,0.30567,0.1509,0.4957,308375,8542.73,36.1,384.4,387.6,17.43,21.91,370.0
18,Örebro,2025,5535,1541,1430,0.27841,0.25836,153784,8187,0.05324,2999.0,0.27509,1691.0,0.29687,0.21007,0.5419,308357,8542.73,36.1,,,17.95,26.55,384.4
19,Västmanland,2010,6390,0,0,0.0,0.0,119836,4,3e-05,,,,,,,252756,5144.9,49.1,260.6,263.4,25.28,0.02,
19,Västmanland,2011,7422,3,0,0.0004,0.0,122414,7,6e-05,,,,,,,254257,5118.15,49.7,269.4,272.7,29.19,0.03,260.6
19,Västmanland,2012,6897,2,8,0.00029,0.00116,124521,8,6e-05,,,,,,,256224,5118.15,50.0,277.9,281.2,26.92,0.03,269.4
19,Västmanland,2013,7185,4,12,0.00056,0.00167,126390,11,9e-05,,,,,,,259054,5118.15,50.6,283.8,286.1,27.74,0.04,277.9
19,Västmanland,2014,7839,9,53,0.00115,0.00676,128934,17,0.00013,,,,,,,261703,5117.69,51.1,290.6,292.8,29.95,0.06,283.8
19,Västmanland,2015,7606,38,78,0.005,0.01026,130844,58,0.00044,,,,,,,264276,5117.69,51.6,298.7,301.1,28.78,0.22,290.6
19,Västmanland,2016,8476,54,126,0.00637,0.01487,133083,122,0.00092,,,,,,,267629,5117.69,52.3,308.2,311.4,31.67,0.46,298.7
19,Västmanland,2017,8072,60,226,0.00743,0.028,135521,177,0.00131,,,,,,,271095,5117.69,53.0,316.2,319.6,29.78,0.65,308.2
19,Västmanland,2018,7799,75,359,0.00962,0.04603,136286,249,0.00183,,,,,,,273929,5117.29,53.5,325.3,329.2,28.47,0.91,316.2
19,Västmanland,2019,7380,310,378,0.04201,0.05122,136468,513,0.00376,,,,,,,275845,5117.28,53.9,333.2,335.9,26.75,1.86,325.3
19,Västmanland,2020,5744,492,1049,0.08565,0.18263,137232,937,0.00683,,,,,,,277141,5117.28,54.2,337.3,339.5,20.73,3.38,333.2
19,Västmanland,2021,5953,1037,1369,0.1742,0.22997,138108,2007,0.01453,3350.0,0.19493,1521.0,0.19461,0.2209,0.5627,278967,5117.28,54.5,349.0,353.8,21.34,7.19,337.3
19,Västmanland,2022,5923,1927,1245,0.32534,0.2102,138035,3893,0.0282,3414.0,0.3679,1631.0,0.32005,0.19479,0.5764,280713,5117.27,54.9,362.2,371.1,21.1,13.87,349.0
19,Västmanland,2023,4972,1741,1029,0.35016,0.20696,137478,5431,0.0395,2521.0,0.35303,1671.0,0.3854,0.18048,0.507,280813,5116.49,54.9,376.7,387.4,17.71,19.34,362.2
19,Västmanland,2024,4658,1398,1098,0.30013,0.23572,137607,6500,0.04724,2490.0,0.28554,1446.0,0.34163,0.21124,0.5346,281158,5141.05,54.7,391.7,402.9,16.57,23.12,376.7
19,Västmanland,2025,4789,1573,1183,0.32846,0.24702,138756,8168,0.05887,2651.0,0.30366,1482.0,0.38394,0.21464,0.5537,280756,5141.05,54.6,,,17.06,29.09,391.7
20,Dalarna,2010,7209,0,0,0.0,0.0,150271,2,1e-05,,,,,,,277047,28196.8,9.8,257.5,254.4,26.02,0.01,
20,Dalarna,2011,7577,5,0,0.00066,0.0,152033,7,5e-05,,,,,,,276565,28029.61,9.9,265.3,261.4,27.4,0.03,257.5
20,Dalarna,2012,6730,6,11,0.00089,0.00163,153928,15,0.0001,,,,,,,276555,28029.61,9.8,274.9,271.8,24.34,0.05,265.3
20,Dalarna,2013,6389,15,16,0.00235,0.0025,155620,29,0.00019,,,,,,,277349,28029.61,9.9,280.6,277.4,23.04,0.1,274.9
20,Dalarna,2014,7226,30,42,0.00415,0.00581,159123,42,0.00026,,,,,,,278903,28029.47,10.0,288.3,285.1,25.91,0.15,280.6
20,Dalarna,2015,8160,41,46,0.00502,0.00564,161059,85,0.00053,,,,,,,281028,28029.47,10.0,296.8,294.2,29.04,0.3,288.3
20,Dalarna,2016,8408,30,106,0.00357,0.01261,164064,120,0.00073,,,,,,,284531,28029.47,10.2,305.6,302.4,29.55,0.42,296.8
20,Dalarna,2017,8153,62,163,0.0076,0.01999,166007,192,0.00116,,,,,,,286165,28029.47,10.2,313.2,309.8,28.49,0.67,305.6
20,Dalarna,2018,7616,104,237,0.01366,0.03112,166632,290,0.00174,,,,,,,287191,28030.12,10.2,321.8,318.8,26.52,1.01,313.2
20,Dalarna,2019,7718,218,293,0.02825,0.03796,166643,501,0.00301,,,,,,,287966,28030.12,10.3,329.7,327.4,26.8,1.74,321.8
20,Dalarna,2020,5410,427,867,0.07893,0.16026,167990,903,0.00538,,,,,,,287676,28030.13,10.3,335.7,331.8,18.81,3.14,329.7
20,Dalarna,2021,5507,847,1191,0.1538,0.21627,168419,1789,0.01062,2457.0,0.20961,1526.0,0.14548,0.20228,0.4462,288387,28030.15,10.3,347.1,345.3,19.1,6.2,335.7
20,Dalarna,2022,5884,1701,1283,0.28909,0.21805,168186,3519,0.02092,2760.0,0.36123,1958.0,0.27886,0.20072,0.4691,288310,28030.15,10.3,359.7,362.1,20.41,12.21,347.1
20,Dalarna,2023,5280,1728,1122,0.32727,0.2125,168438,5075,0.03013,1886.0,0.34677,2316.0,0.35579,0.17762,0.3572,287253,28030.07,10.2,373.3,377.3,18.38,17.67,359.7
20,Dalarna,2024,4462,1117,1148,0.25034,0.25728,168945,5982,0.03541,1713.0,0.24869,1610.0,0.28571,0.2195,0.3839,286546,28172.28,10.2,389.1,393.9,15.57,20.88,373.3
20,Dalarna,2025,4609,1225,1307,0.26578,0.28358,171066,7374,0.04311,2044.0,0.27299,1648.0,0.28034,0.25294,0.4435,286043,28172.33,10.2,,,16.11,25.78,389.1
21,Gävleborg,2010,7339,0,0,0.0,0.0,139992,10,7e-05,,,,,,,276508,18200.2,15.2,257.4,255.9,26.54,0.04,
21,Gävleborg,2011,7460,1,0,0.00013,0.0,140958,12,9e-05,,,,,,,276130,18119.34,15.2,265.1,263.4,27.02,0.04,257.4
21,Gävleborg,2012,6654,4,14,0.0006,0.0021,141715,13,9e-05,,,,,,,276637,18119.34,15.2,272.4,270.2,24.05,0.05,265.1
21,Gävleborg,2013,6473,11,14,0.0017,0.00216,143108,26,0.00018,,,,,,,277970,18119.34,15.3,278.5,275.4,23.29,0.09,272.4
21,Gävleborg,2014,7283,33,34,0.00453,0.00467,145429,59,0.00041,,,,,,,279991,18118.44,15.5,285.0,281.2,26.01,0.21,278.5
21,Gävleborg,2015,8446,75,84,0.00888,0.00995,147370,129,0.00088,,,,,,,281815,18118.44,15.6,293.1,290.0,29.97,0.46,285.0
21,Gävleborg,2016,9155,51,111,0.00557,0.01212,150197,169,0.00113,,,,,,,284586,18118.44,15.7,301.8,298.9,32.17,0.59,293.1
21,Gävleborg,2017,8826,56,208,0.00634,0.02357,152271,218,0.00143,,,,,,,285637,18118.44,15.8,310.4,307.7,30.9,0.76,301.8
21,Gävleborg,2018,7639,96,226,0.01257,0.02959,152579,301,0.00197,,,,,,,286547,18113.25,15.8,318.6,316.7,26.66,1.05,310.4
21,Gävleborg,2019,7607,245,206,0.03221,0.02708,152267,533,0.0035,,,,,,,287382,18113.25,15.9,326.2,324.7,26.47,1.85,318.6
21,Gävleborg,2020,5732,469,635,0.08182,0.11078,153171,919,0.006,,,,,,,287502,18113.25,15.9,331.4,328.3,19.94,3.2,326.2
21,Gävleborg,2021,5809,805,854,0.13858,0.14701,153554,1763,0.01148,2678.0,0.15646,1529.0,0.19163,0.14115,0.461,287767,18113.23,15.9,344.7,344.3,20.19,6.13,331.4
21,Gävleborg,2022,5692,1583,921,0.27811,0.16181,153013,3297,0.02155,2805.0,0.33369,1698.0,0.30624,0.15045,0.4928,287334,18113.24,15.9,356.2,360.0,19.81,11.47,344.7
21,Gävleborg,2023,5249,1623,936,0.3092,0.17832,152159,4822,0.03169,2125.0,0.32094,1570.0,0.39682,0.14729,0.4048,285642,18113.07,15.8,369.0,373.1,18.38,16.88,356.2
21,Gävleborg,2024,4775,1081,1044,0.22639,0.21864,151508,5538,0.03655,1973.0,0.20122,1418.0,0.2574,0.17081,0.4132,284558,18207.76,15.6,383.2,388.7,16.78,19.46,369.0
21,Gävleborg,2025,4754,1227,1226,0.2581,0.25789,153150,6694,0.04371,2081.0,0.26814,1466.0,0.28513,0.2148,0.4379,283452,18207.77,15.6,,,16.77,23.62,383.2
22,Västernorrland,2010,6191,0,0,0.0,0.0,125833,2,2e-05,,,,,,,242625,21684.5,11.2,263.9,263.3,25.52,0.01,
22,Västernorrland,2011,7031,4,0,0.00057,0.0,127125,6,5e-05,,,,,,,242155,21551.67,11.2,270.7,270.8,29.04,0.02,263.9
22,Västernorrland,2012,6368,4,9,0.00063,0.00141,127458,10,8e-05,,,,,,,241981,21551.67,11.2,279.7,280.1,26.32,0.04,270.7
22,Västernorrland,2013,6058,2,14,0.00033,0.00231,128558,10,8e-05,,,,,,,242156,21551.67,11.2,286.7,286.0,25.02,0.04,279.7
22,Västernorrland,2014,7246,6,57,0.00083,0.00787,130710,18,0.00014,,,,,,,243061,21548.74,11.3,293.0,293.1,29.81,0.07,286.7
22,Västernorrland,2015,8015,55,69,0.00686,0.00861,131940,75,0.00057,,,,,,,243897,21548.74,11.3,301.2,301.4,32.86,0.31,293.0
22,Västernorrland,2016,8352,29,128,0.00347,0.01533,133497,100,0.00075,,,,,,,245572,21548.74,11.4,310.6,311.4,34.01,0.41,301.2
22,Västernorrland,2017,7980,52,216,0.00652,0.02707,134469,145,0.00108,,,,,,,245968,21548.74,11.4,318.3,319.0,32.44,0.59,310.6
22,Västernorrland,2018,7369,99,161,0.01343,0.02185,133952,205,0.00153,,,,,,,245453,21548.5,11.4,327.8,329.1,30.02,0.84,318.3
22,Västernorrland,2019,6544,222,169,0.03392,0.02583,133247,374,0.00281,,,,,,,245347,21548.49,11.4,336.5,336.6,26.67,1.52,327.8
22,Västernorrland,2020,4495,288,605,0.06407,0.13459,133826,628,0.00469,,,,,,,244554,21548.49,11.3,342.3,341.9,18.38,2.57,336.5
22,Västernorrland,2021,4713,675,881,0.14322,0.18693,133726,1335,0.00998,2066.0,0.1878,1437.0,0.1517,0.20474,0.4384,244193,21548.49,11.3,354.2,355.4,19.3,5.47,342.3
22,Västernorrland,2022,5134,1529,1090,0.29782,0.21231,133366,2926,0.02194,2425.0,0.37402,1625.0,0.29846,0.23052,0.4723,243265,21548.49,11.3,365.9,370.2,21.1,12.03,354.2
22,Västernorrland,2023,4430,1527,899,0.3447,0.20293,132528,4238,0.03198,1725.0,0.40464,1722.0,0.39024,0.1971,0.3894,242148,21550.6,11.2,381.4,387.7,18.29,17.5,365.9
22,Västernorrland,2024,3809,933,961,0.24495,0.2523,132103,4907,0.03715,1515.0,0.26667,1233.0,0.29197,0.23168,0.3977,241458,21673.48,11.1,397.2,402.6,15.78,20.32,381.4
22,Västernorrland,2025,3840,1215,1014,0.31641,0.26406,133701,6175,0.04619,1704.0,0.32453,1340.0,0.31119,0.2412,0.4438,240640,21673.6,11.1,,,15.96,25.66,397.2
23,Jämtland,2010,2607,0,0,0.0,0.0,67702,3,4e-05,,,,,,,126691,49343.1,2.6,247.8,246.0,20.58,0.02,
23,Jämtland,2011,2704,9,0,0.00333,0.0,68357,12,0.00018,,,,,,,126299,48944.8,2.6,254.6,251.9,21.41,0.1,247.8
23,Jämtland,2012,2590,3,4,0.00116,0.00154,68866,18,0.00026,,,,,,,126201,48944.8,2.5,263.9,262.2,20.52,0.14,254.6
23,Jämtland,2013,2661,12,17,0.00451,0.00639,69477,32,0.00046,,,,,,,126461,48944.8,2.6,270.6,268.9,21.04,0.25,263.9
23,Jämtland,2014,3074,18,57,0.00586,0.01854,70611,40,0.00057,,,,,,,126765,48935.42,2.6,276.7,275.1,24.25,0.32,270.6
23,Jämtland,2015,3317,73,73,0.02201,0.02201,71345,109,0.00153,,,,,,,127376,48935.42,2.6,286.0,286.0,26.04,0.86,276.7
23,Jämtland,2016,3408,49,69,0.01438,0.02025,72440,154,0.00213,,,,,,,128673,48935.42,2.6,296.1,296.1,26.49,1.2,286.0
23,Jämtland,2017,3475,64,103,0.01842,0.02964,73330,165,0.00225,,,,,,,129806,48935.42,2.7,304.6,304.5,26.77,1.27,296.1
23,Jämtland,2018,3541,93,101,0.02626,0.02852,73781,221,0.003,,,,,,,130280,48935.25,2.7,313.8,314.3,27.18,1.7,304.6
23,Jämtland,2019,2583,151,76,0.05846,0.02942,73760,300,0.00407,,,,,,,130810,48935.24,2.7,321.1,321.7,19.75,2.29,313.8
23,Jämtland,2020,1864,215,211,0.11534,0.1132,74566,501,0.00672,,,,,,,131155,48935.24,2.7,327.3,326.8,14.21,3.82,321.1
23,Jämtland,2021,2372,399,357,0.16821,0.15051,75374,913,0.01211,730.0,0.26027,958.0,0.1858,0.17123,0.3078,132054,48935.24,2.7,340.1,340.8,17.96,6.91,327.3
23,Jämtland,2022,2357,804,376,0.34111,0.15952,75560,1704,0.02255,819.0,0.44689,1013.0,0.38796,0.14652,0.3475,132670,48935.26,2.7,352.8,359.1,17.77,12.84,340.1
23,Jämtland,2023,2069,807,305,0.39004,0.14741,75562,2444,0.03234,661.0,0.47958,940.0,0.44787,0.11498,0.3195,132572,48934.6,2.7,367.7,374.9,15.61,18.44,352.8
23,Jämtland,2024,1604,468,292,0.29177,0.18204,75708,2720,0.03593,495.0,0.3596,770.0,0.33636,0.12727,0.3086,132839,49205.55,2.7,382.2,389.8,12.07,20.48,367.7
23,Jämtland,2025,1463,452,383,0.30895,0.26179,76691,3199,0.04171,596.0,0.31376,625.0,0.36,0.19631,0.4074,132736,49205.47,2.7,,,11.02,24.1,382.2
24,Västerbotten,2010,5677,0,0,0.0,0.0,123083,1,1e-05,,,,,,,259286,55189.7,4.7,257.7,253.3,21.89,0.0,
24,Västerbotten,2011,6221,2,0,0.00032,0.0,125028,3,2e-05,,,,,,,259667,54672.14,4.7,264.7,261.0,23.96,0.01,257.7
24,Västerbotten,2012,5592,2,9,0.00036,0.00161,126594,6,5e-05,,,,,,,260217,54672.14,4.7,273.0,269.4,21.49,0.02,264.7
24,Västerbotten,2013,5598,8,14,0.00143,0.0025,127935,14,0.00011,,,,,,,261112,54672.14,4.8,279.3,274.7,21.44,0.05,273.0
24,Västerbotten,2014,6218,12,37,0.00193,0.00595,130312,26,0.0002,,,,,,,262362,54664.6,4.8,286.0,281.5,23.7,0.1,279.3
24,Västerbotten,2015,7445,41,59,0.00551,0.00792,131778,67,0.00051,,,,,,,263378,54664.6,4.8,294.9,291.1,28.27,0.25,286.0
24,Västerbotten,2016,7747,49,141,0.00633,0.0182,134067,113,0.00084,,,,,,,265881,54664.6,4.9,303.9,301.0,29.14,0.43,294.9
24,Västerbotten,2017,7395,90,205,0.01217,0.02772,135554,181,0.00134,,,,,,,268465,54664.6,4.9,311.9,308.6,27.55,0.67,303.9
24,Västerbotten,2018,6496,97,204,0.01493,0.0314,136121,275,0.00202,,,,,,,270154,54664.39,4.9,321.3,317.6,24.05,1.02,311.9
24,Västerbotten,2019,5940,187,247,0.03148,0.04158,136354,448,0.00329,,,,,,,271736,54664.43,5.0,330.0,326.0,21.86,1.65,321.3
24,Västerbotten,2020,4480,456,774,0.10179,0.17277,137716,895,0.0065,,,,,,,273192,54664.42,5.0,335.4,330.5,16.4,3.28,330.0
24,Västerbotten,2021,4867,928,1136,0.19067,0.23341,138679,1845,0.0133,2128.0,0.24577,1585.0,0.19369,0.22274,0.4372,274563,54664.42,5.0,348.2,345.7,17.73,6.72,335.4
24,Västerbotten,2022,5444,1843,1082,0.33854,0.19875,138744,3703,0.02669,2539.0,0.45727,1611.0,0.32961,0.21465,0.4664,276295,54664.38,5.1,362.4,362.3,19.7,13.4,348.2
24,Västerbotten,2023,5058,1784,997,0.35271,0.19711,139377,5343,0.03833,1803.0,0.44814,1716.0,0.419,0.18636,0.3565,278729,54663.57,5.1,380.4,381.4,18.15,19.17,362.4
24,Västerbotten,2024,4237,1282,906,0.30257,0.21383,139941,6321,0.04517,1642.0,0.35993,1302.0,0.36482,0.20158,0.3875,281138,55013.0,5.1,397.8,398.1,15.07,22.48,380.4
24,Västerbotten,2025,4100,1334,1138,0.32537,0.27756,140532,7531,0.05359,1730.0,0.3526,1338.0,0.30867,0.23468,0.422,279028,55012.96,5.1,,,14.69,26.99,397.8
25,Norrbotten,2010,5526,0,0,0.0,0.0,133139,0,0.0,,,,,,,248609,98249.0,2.5,266.7,266.3,22.23,0.0,
25,Norrbotten,2011,5649,1,0,0.00018,0.0,134762,1,1e-05,,,,,,,248545,97256.85,2.6,274.9,275.2,22.73,0.0,266.7
25,Norrbotten,2012,5795,1,8,0.00017,0.00138,136145,2,1e-05,,,,,,,248637,97256.85,2.5,286.2,286.5,23.31,0.01,274.9
25,Norrbotten,2013,5389,3,19,0.00056,0.00353,137789,5,4e-05,,,,,,,249436,97256.85,2.6,293.8,294.1,21.6,0.02,286.2
25,Norrbotten,2014,6033,9,48,0.00149,0.00796,139808,15,0.00011,,,,,,,249987,97238.87,2.6,301.5,301.6,24.13,0.06,293.8
25,Norrbotten,2015,6458,12,47,0.00186,0.00728,141078,25,0.00018,,,,,,,249733,97238.87,2.6,310.6,310.8,25.86,0.1,301.5
25,Norrbotten,2016,6163,30,63,0.00487,0.01022,141620,57,0.0004,,,,,,,250570,97238.87,2.6,320.4,319.8,24.6,0.23,310.6
25,Norrbotten,2017,5575,53,129,0.00951,0.02314,141818,109,0.00077,,,,,,,251295,97238.87,2.6,328.5,327.5,22.19,0.43,320.4
25,Norrbotten,2018,4489,48,139,0.01069,0.03096,141917,157,0.00111,,,,,,,250497,97241.9,2.6,338.9,338.2,17.92,0.63,328.5
25,Norrbotten,2019,4921,169,146,0.03434,0.02967,141658,331,0.00234,,,,,,,250093,97241.87,2.6,348.5,347.7,19.68,1.32,338.9
25,Norrbotten,2020,3314,292,390,0.08811,0.11768,142334,624,0.00438,,,,,,,249614,97241.89,2.6,354.1,353.7,13.28,2.5,348.5
25,Norrbotten,2021,3817,695,651,0.18208,0.17055,142996,1391,0.00973,1540.0,0.25325,1618.0,0.15451,0.13377,0.4035,249693,97241.89,2.6,368.2,369.6,15.29,5.57,354.1
25,Norrbotten,2022,4542,1541,744,0.33928,0.1638,143263,3002,0.02095,2063.0,0.45419,1782.0,0.28844,0.15317,0.4542,249177,97241.89,2.6,384.3,388.5,18.23,12.05,368.2
25,Norrbotten,2023,4170,1380,829,0.33094,0.1988,143226,4344,0.03033,1397.0,0.41947,1917.0,0.35785,0.18182,0.335,248480,97238.96,2.6,402.6,407.4,16.78,17.48,384.3
25,Norrbotten,2024,3911,964,692,0.24648,0.17694,144097,5133,0.03562,1257.0,0.31981,1714.0,0.25379,0.16468,0.3214,248620,97968.89,2.5,421.7,427.4,15.73,20.65,402.6
25,Norrbotten,2025,3670,880,1047,0.23978,0.28529,145956,6045,0.04142,1334.0,0.27211,1826.0,0.23001,0.27061,0.3635,248927,97972.73,2.5,,,14.74,24.28,421.7
