month,scenario,p10,p50,p90
2026-08-01,Plateau,0.37846,0.37846,0.37846
2026-09-01,Plateau,0.38594,0.39073,0.39616
2026-10-01,Plateau,0.38985,0.39902,0.4086
2026-11-01,Plateau,0.39082,0.40488,0.41986
2026-12-01,Plateau,0.39155,0.41177,0.43219
2027-01-01,Plateau,0.38552,0.40904,0.43329
2027-02-01,Plateau,0.38085,0.40796,0.43706
2027-03-01,Plateau,0.37638,0.41011,0.44651
2027-04-01,Plateau,0.36968,0.40881,0.45243
2027-05-01,Plateau,0.36134,0.40822,0.45932
2027-06-01,Plateau,0.35641,0.4106,0.47047
2027-07-01,Plateau,0.35161,0.41298,0.4789
2027-08-01,Plateau,0.34344,0.41251,0.48685
2027-09-01,Plateau,0.33453,0.41233,0.4951
2027-10-01,Plateau,0.32683,0.41229,0.50214
2027-11-01,Plateau,0.32037,0.41091,0.51042
2027-12-01,Plateau,0.31562,0.41085,0.51558
2028-01-01,Plateau,0.31278,0.41087,0.51821
2028-02-01,Plateau,0.3104,0.41151,0.52286
2028-03-01,Plateau,0.30524,0.41297,0.52855
2028-04-01,Plateau,0.30211,0.41313,0.53257
2028-05-01,Plateau,0.30013,0.41299,0.53693
2028-06-01,Plateau,0.29734,0.41404,0.54243
2028-07-01,Plateau,0.29559,0.41312,0.54748
2028-08-01,Plateau,0.29275,0.41438,0.55052
2028-09-01,Plateau,0.28783,0.41453,0.55515
2028-10-01,Plateau,0.2861,0.41427,0.5593
2028-11-01,Plateau,0.28261,0.41484,0.56265
2028-12-01,Plateau,0.27872,0.41605,0.56657
2026-08-01,Reversion,0.37846,0.37846,0.37846
2026-09-01,Reversion,0.38499,0.39006,0.39483
2026-10-01,Reversion,0.38688,0.39647,0.40556
2026-11-01,Reversion,0.38622,0.39981,0.41322
2026-12-01,Reversion,0.38504,0.40317,0.42135
2027-01-01,Reversion,0.37867,0.39877,0.41922
2027-02-01,Reversion,0.37358,0.39587,0.41791
2027-03-01,Reversion,0.37028,0.39518,0.42054
2027-04-01,Reversion,0.36377,0.3917,0.4192
2027-05-01,Reversion,0.3563,0.38772,0.41879
2027-06-01,Reversion,0.35236,0.38618,0.4204
2027-07-01,Reversion,0.34842,0.38436,0.42167
2027-08-01,Reversion,0.3429,0.38054,0.41999
2027-09-01,Reversion,0.33754,0.37676,0.41836
2027-10-01,Reversion,0.33628,0.37445,0.4175
2027-11-01,Reversion,0.33388,0.37348,0.4171
2027-12-01,Reversion,0.33242,0.37314,0.41672
2028-01-01,Reversion,0.33196,0.37335,0.41709
2028-02-01,Reversion,0.33204,0.37345,0.41725
2028-03-01,Reversion,0.33223,0.37317,0.41655
2028-04-01,Reversion,0.33323,0.37341,0.41674
2028-05-01,Reversion,0.33386,0.3739,0.41611
2028-06-01,Reversion,0.33466,0.37401,0.41632
2028-07-01,Reversion,0.33432,0.37456,0.41656
2028-08-01,Reversion,0.3346,0.37535,0.41702
2028-09-01,Reversion,0.33538,0.37509,0.41701
2028-10-01,Reversion,0.33492,0.37499,0.41798
2028-11-01,Reversion,0.33483,0.37525,0.41882
2028-12-01,Reversion,0.33384,0.37643,0.41975
2026-08-01,Momentum,0.37846,0.37846,0.37846
2026-09-01,Momentum,0.38625,0.3912,0.39661
2026-10-01,Momentum,0.39064,0.40018,0.41064
2026-11-01,Momentum,0.39147,0.40737,0.42313
2026-12-01,Momentum,0.39181,0.41544,0.4386
2027-01-01,Momentum,0.38579,0.41367,0.44097
2027-02-01,Momentum,0.38023,0.41457,0.44697
2027-03-01,Momentum,0.37529,0.41866,0.45959
2027-04-01,Momentum,0.36782,0.41986,0.46964
2027-05-01,Momentum,0.35942,0.42076,0.48176
2027-06-01,Momentum,0.35311,0.42634,0.50184
2027-07-01,Momentum,0.34631,0.43072,0.5163
2027-08-01,Momentum,0.33639,0.43293,0.53099
2027-09-01,Momentum,0.32604,0.43594,0.54638
2027-10-01,Momentum,0.31824,0.43879,0.56386
2027-11-01,Momentum,0.31147,0.44182,0.58017
2027-12-01,Momentum,0.30234,0.44486,0.59548
2028-01-01,Momentum,0.29727,0.44791,0.60611
2028-02-01,Momentum,0.29438,0.45204,0.61483
2028-03-01,Momentum,0.28653,0.45645,0.62984
2028-04-01,Momentum,0.28167,0.45851,0.64389
2028-05-01,Momentum,0.27271,0.46148,0.65682
2028-06-01,Momentum,0.26293,0.46409,0.67231
2028-07-01,Momentum,0.25801,0.46667,0.68473
2028-08-01,Momentum,0.25327,0.46946,0.69946
2028-09-01,Momentum,0.24586,0.47248,0.71305
2028-10-01,Momentum,0.23722,0.47784,0.72815
2028-11-01,Momentum,0.23178,0.48234,0.74202
2028-12-01,Momentum,0.22205,0.4864,0.75448
