month,fuel_type,registrations
2006-01-01,BEV,2
2006-01-01,DIESEL,3521
2006-01-01,ETHANOL,1646
2006-01-01,GAS,168
2006-01-01,HEV,216
2006-01-01,OTHER,3
2006-01-01,PETROL,13617
2006-01-01,PHEV,0
2006-02-01,BEV,0
2006-02-01,DIESEL,3444
2006-02-01,ETHANOL,1798
2006-02-01,GAS,234
2006-02-01,HEV,163
2006-02-01,OTHER,0
2006-02-01,PETROL,14687
2006-02-01,PHEV,0
2006-03-01,BEV,0
2006-03-01,DIESEL,4764
2006-03-01,ETHANOL,3165
2006-03-01,GAS,254
2006-03-01,HEV,214
2006-03-01,OTHER,1
2006-03-01,PETROL,19609
2006-03-01,PHEV,0
2006-04-01,BEV,0
2006-04-01,DIESEL,4598
2006-04-01,ETHANOL,2105
2006-04-01,GAS,370
2006-04-01,HEV,239
2006-04-01,OTHER,0
2006-04-01,PETROL,21439
2006-04-01,PHEV,0
2006-05-01,BEV,0
2006-05-01,DIESEL,5168
2006-05-01,ETHANOL,2481
2006-05-01,GAS,530
2006-05-01,HEV,260
2006-05-01,OTHER,0
2006-05-01,PETROL,24117
2006-05-01,PHEV,0
2006-06-01,BEV,0
2006-06-01,DIESEL,5340
2006-06-01,ETHANOL,2469
2006-06-01,GAS,398
2006-06-01,HEV,307
2006-06-01,OTHER,0
2006-06-01,PETROL,23148
2006-06-01,PHEV,0
2006-07-01,BEV,0
2006-07-01,DIESEL,4089
2006-07-01,ETHANOL,1686
2006-07-01,GAS,198
2006-07-01,HEV,224
2006-07-01,OTHER,1
2006-07-01,PETROL,15593
2006-07-01,PHEV,0
2006-08-01,BEV,0
2006-08-01,DIESEL,4619
2006-08-01,ETHANOL,2086
2006-08-01,GAS,181
2006-08-01,HEV,277
2006-08-01,OTHER,0
2006-08-01,PETROL,17504
2006-08-01,PHEV,0
2006-09-01,BEV,0
2006-09-01,DIESEL,5438
2006-09-01,ETHANOL,2061
2006-09-01,GAS,319
2006-09-01,HEV,293
2006-09-01,OTHER,2
2006-09-01,PETROL,19129
2006-09-01,PHEV,0
2006-10-01,BEV,0
2006-10-01,DIESEL,6176
2006-10-01,ETHANOL,1819
2006-10-01,GAS,361
2006-10-01,HEV,166
2006-10-01,OTHER,3
2006-10-01,PETROL,18271
2006-10-01,PHEV,0
2006-11-01,BEV,0
2006-11-01,DIESEL,7046
2006-11-01,ETHANOL,2465
2006-11-01,GAS,348
2006-11-01,HEV,256
2006-11-01,OTHER,0
2006-11-01,PETROL,17054
2006-11-01,PHEV,0
2006-12-01,BEV,0
2006-12-01,DIESEL,7000
2006-12-01,ETHANOL,2337
2006-12-01,GAS,265
2006-12-01,HEV,236
2006-12-01,OTHER,0
2006-12-01,PETROL,15834
2006-12-01,PHEV,0
2007-01-01,BEV,0
2007-01-01,DIESEL,6965
2007-01-01,ETHANOL,1891
2007-01-01,GAS,200
2007-01-01,HEV,287
2007-01-01,OTHER,1
2007-01-01,PETROL,13521
2007-01-01,PHEV,0
2007-02-01,BEV,0
2007-02-01,DIESEL,6615
2007-02-01,ETHANOL,1965
2007-02-01,GAS,169
2007-02-01,HEV,243
2007-02-01,OTHER,0
2007-02-01,PETROL,13479
2007-02-01,PHEV,0
2007-03-01,BEV,0
2007-03-01,DIESEL,8418
2007-03-01,ETHANOL,2361
2007-03-01,GAS,200
2007-03-01,HEV,280
2007-03-01,OTHER,0
2007-03-01,PETROL,19340
2007-03-01,PHEV,0
2007-04-01,BEV,0
2007-04-01,DIESEL,8269
2007-04-01,ETHANOL,2464
2007-04-01,GAS,152
2007-04-01,HEV,286
2007-04-01,OTHER,0
2007-04-01,PETROL,19362
2007-04-01,PHEV,0
2007-05-01,BEV,0
2007-05-01,DIESEL,9492
2007-05-01,ETHANOL,3429
2007-05-01,GAS,168
2007-05-01,HEV,351
2007-05-01,OTHER,1
2007-05-01,PETROL,20085
2007-05-01,PHEV,0
2007-06-01,BEV,0
2007-06-01,DIESEL,8877
2007-06-01,ETHANOL,3155
2007-06-01,GAS,247
2007-06-01,HEV,313
2007-06-01,OTHER,1
2007-06-01,PETROL,17837
2007-06-01,PHEV,0
2007-07-01,BEV,0
2007-07-01,DIESEL,6979
2007-07-01,ETHANOL,2508
2007-07-01,GAS,136
2007-07-01,HEV,256
2007-07-01,OTHER,0
2007-07-01,PETROL,13520
2007-07-01,PHEV,0
2007-08-01,BEV,1
2007-08-01,DIESEL,8630
2007-08-01,ETHANOL,2229
2007-08-01,GAS,111
2007-08-01,HEV,319
2007-08-01,OTHER,1
2007-08-01,PETROL,14772
2007-08-01,PHEV,0
2007-09-01,BEV,0
2007-09-01,DIESEL,8803
2007-09-01,ETHANOL,2756
2007-09-01,GAS,96
2007-09-01,HEV,255
2007-09-01,OTHER,0
2007-09-01,PETROL,14276
2007-09-01,PHEV,0
2007-10-01,BEV,0
2007-10-01,DIESEL,11332
2007-10-01,ETHANOL,4183
2007-10-01,GAS,80
2007-10-01,HEV,243
2007-10-01,OTHER,1
2007-10-01,PETROL,15476
2007-10-01,PHEV,0
2007-11-01,BEV,0
2007-11-01,DIESEL,12240
2007-11-01,ETHANOL,4251
2007-11-01,GAS,119
2007-11-01,HEV,261
2007-11-01,OTHER,0
2007-11-01,PETROL,12810
2007-11-01,PHEV,0
2007-12-01,BEV,1
2007-12-01,DIESEL,16944
2007-12-01,ETHANOL,4321
2007-12-01,GAS,81
2007-12-01,HEV,300
2007-12-01,OTHER,0
2007-12-01,PETROL,9823
2007-12-01,PHEV,0
2008-01-01,BEV,0
2008-01-01,DIESEL,5292
2008-01-01,ETHANOL,4677
2008-01-01,GAS,90
2008-01-01,HEV,307
2008-01-01,OTHER,0
2008-01-01,PETROL,8977
2008-01-01,PHEV,0
2008-02-01,BEV,0
2008-02-01,DIESEL,8221
2008-02-01,ETHANOL,4595
2008-02-01,GAS,85
2008-02-01,HEV,363
2008-02-01,OTHER,0
2008-02-01,PETROL,9634
2008-02-01,PHEV,0
2008-03-01,BEV,0
2008-03-01,DIESEL,9180
2008-03-01,ETHANOL,4317
2008-03-01,GAS,62
2008-03-01,HEV,316
2008-03-01,OTHER,0
2008-03-01,PETROL,11105
2008-03-01,PHEV,0
2008-04-01,BEV,0
2008-04-01,DIESEL,11334
2008-04-01,ETHANOL,5032
2008-04-01,GAS,97
2008-04-01,HEV,451
2008-04-01,OTHER,0
2008-04-01,PETROL,13284
2008-04-01,PHEV,0
2008-05-01,BEV,1
2008-05-01,DIESEL,10458
2008-05-01,ETHANOL,5477
2008-05-01,GAS,85
2008-05-01,HEV,435
2008-05-01,OTHER,1
2008-05-01,PETROL,12672
2008-05-01,PHEV,0
2008-06-01,BEV,0
2008-06-01,DIESEL,9024
2008-06-01,ETHANOL,5948
2008-06-01,GAS,74
2008-06-01,HEV,340
2008-06-01,OTHER,1
2008-06-01,PETROL,10656
2008-06-01,PHEV,0
2008-07-01,BEV,0
2008-07-01,DIESEL,6673
2008-07-01,ETHANOL,3680
2008-07-01,GAS,47
2008-07-01,HEV,297
2008-07-01,OTHER,2
2008-07-01,PETROL,8504
2008-07-01,PHEV,0
2008-08-01,BEV,0
2008-08-01,DIESEL,6923
2008-08-01,ETHANOL,3940
2008-08-01,GAS,79
2008-08-01,HEV,352
2008-08-01,OTHER,0
2008-08-01,PETROL,8558
2008-08-01,PHEV,0
2008-09-01,BEV,0
2008-09-01,DIESEL,8407
2008-09-01,ETHANOL,6080
2008-09-01,GAS,187
2008-09-01,HEV,376
2008-09-01,OTHER,0
2008-09-01,PETROL,9584
2008-09-01,PHEV,0
2008-10-01,BEV,0
2008-10-01,DIESEL,8275
2008-10-01,ETHANOL,6431
2008-10-01,GAS,184
2008-10-01,HEV,307
2008-10-01,OTHER,1
2008-10-01,PETROL,8668
2008-10-01,PHEV,0
2008-11-01,BEV,0
2008-11-01,DIESEL,6504
2008-11-01,ETHANOL,4565
2008-11-01,GAS,192
2008-11-01,HEV,279
2008-11-01,OTHER,0
2008-11-01,PETROL,6736
2008-11-01,PHEV,0
2008-12-01,BEV,0
2008-12-01,DIESEL,6874
2008-12-01,ETHANOL,4282
2008-12-01,GAS,205
2008-12-01,HEV,423
2008-12-01,OTHER,1
2008-12-01,PETROL,6137
2008-12-01,PHEV,0
2009-01-01,BEV,2
2009-01-01,DIESEL,4852
2009-01-01,ETHANOL,2378
2009-01-01,GAS,119
2009-01-01,HEV,148
2009-01-01,OTHER,0
2009-01-01,PETROL,4872
2009-01-01,PHEV,0
2009-02-01,BEV,2
2009-02-01,DIESEL,5911
2009-02-01,ETHANOL,3069
2009-02-01,GAS,154
2009-02-01,HEV,127
2009-02-01,OTHER,1
2009-02-01,PETROL,6244
2009-02-01,PHEV,0
2009-03-01,BEV,6
2009-03-01,DIESEL,7125
2009-03-01,ETHANOL,3997
2009-03-01,GAS,317
2009-03-01,HEV,143
2009-03-01,OTHER,1
2009-03-01,PETROL,7636
2009-03-01,PHEV,0
2009-04-01,BEV,0
2009-04-01,DIESEL,7527
2009-04-01,ETHANOL,3854
2009-04-01,GAS,486
2009-04-01,HEV,184
2009-04-01,OTHER,1
2009-04-01,PETROL,7931
2009-04-01,PHEV,0
2009-05-01,BEV,5
2009-05-01,DIESEL,6748
2009-05-01,ETHANOL,4663
2009-05-01,GAS,541
2009-05-01,HEV,155
2009-05-01,OTHER,2
2009-05-01,PETROL,7646
2009-05-01,PHEV,0
2009-06-01,BEV,3
2009-06-01,DIESEL,9030
2009-06-01,ETHANOL,4861
2009-06-01,GAS,651
2009-06-01,HEV,261
2009-06-01,OTHER,1
2009-06-01,PETROL,9334
2009-06-01,PHEV,0
2009-07-01,BEV,2
2009-07-01,DIESEL,6340
2009-07-01,ETHANOL,2341
2009-07-01,GAS,623
2009-07-01,HEV,148
2009-07-01,OTHER,0
2009-07-01,PETROL,6459
2009-07-01,PHEV,0
2009-08-01,BEV,3
2009-08-01,DIESEL,6583
2009-08-01,ETHANOL,2915
2009-08-01,GAS,725
2009-08-01,HEV,279
2009-08-01,OTHER,0
2009-08-01,PETROL,6218
2009-08-01,PHEV,0
2009-09-01,BEV,1
2009-09-01,DIESEL,8603
2009-09-01,ETHANOL,3220
2009-09-01,GAS,749
2009-09-01,HEV,514
2009-09-01,OTHER,3
2009-09-01,PETROL,7703
2009-09-01,PHEV,0
2009-10-01,BEV,2
2009-10-01,DIESEL,9984
2009-10-01,ETHANOL,3052
2009-10-01,GAS,642
2009-10-01,HEV,456
2009-10-01,OTHER,1
2009-10-01,PETROL,8674
2009-10-01,PHEV,0
2009-11-01,BEV,2
2009-11-01,DIESEL,9021
2009-11-01,ETHANOL,3063
2009-11-01,GAS,503
2009-11-01,HEV,358
2009-11-01,OTHER,3
2009-11-01,PETROL,8235
2009-11-01,PHEV,0
2009-12-01,BEV,1
2009-12-01,DIESEL,9459
2009-12-01,ETHANOL,2752
2009-12-01,GAS,615
2009-12-01,HEV,312
2009-12-01,OTHER,2
2009-12-01,PETROL,6974
2009-12-01,PHEV,0
2010-01-01,BEV,1
2010-01-01,DIESEL,7270
2010-01-01,ETHANOL,2359
2010-01-01,GAS,561
2010-01-01,HEV,281
2010-01-01,OTHER,4
2010-01-01,PETROL,5876
2010-01-01,PHEV,0
2010-02-01,BEV,0
2010-02-01,DIESEL,9329
2010-02-01,ETHANOL,2633
2010-02-01,GAS,670
2010-02-01,HEV,258
2010-02-01,OTHER,0
2010-02-01,PETROL,6012
2010-02-01,PHEV,0
2010-03-01,BEV,1
2010-03-01,DIESEL,13018
2010-03-01,ETHANOL,3053
2010-03-01,GAS,616
2010-03-01,HEV,438
2010-03-01,OTHER,4
2010-03-01,PETROL,10201
2010-03-01,PHEV,0
2010-04-01,BEV,1
2010-04-01,DIESEL,13255
2010-04-01,ETHANOL,3094
2010-04-01,GAS,630
2010-04-01,HEV,334
2010-04-01,OTHER,0
2010-04-01,PETROL,10457
2010-04-01,PHEV,0
2010-05-01,BEV,0
2010-05-01,DIESEL,12561
2010-05-01,ETHANOL,3297
2010-05-01,GAS,601
2010-05-01,HEV,325
2010-05-01,OTHER,2
2010-05-01,PETROL,10489
2010-05-01,PHEV,0
2010-06-01,BEV,1
2010-06-01,DIESEL,15028
2010-06-01,ETHANOL,3513
2010-06-01,GAS,705
2010-06-01,HEV,273
2010-06-01,OTHER,2
2010-06-01,PETROL,11517
2010-06-01,PHEV,0
2010-07-01,BEV,0
2010-07-01,DIESEL,10887
2010-07-01,ETHANOL,2050
2010-07-01,GAS,573
2010-07-01,HEV,152
2010-07-01,OTHER,1
2010-07-01,PETROL,8342
2010-07-01,PHEV,0
2010-08-01,BEV,1
2010-08-01,DIESEL,11695
2010-08-01,ETHANOL,2451
2010-08-01,GAS,629
2010-08-01,HEV,277
2010-08-01,OTHER,4
2010-08-01,PETROL,9017
2010-08-01,PHEV,0
2010-09-01,BEV,0
2010-09-01,DIESEL,13998
2010-09-01,ETHANOL,2961
2010-09-01,GAS,547
2010-09-01,HEV,363
2010-09-01,OTHER,0
2010-09-01,PETROL,9704
2010-09-01,PHEV,0
2010-10-01,BEV,3
2010-10-01,DIESEL,14729
2010-10-01,ETHANOL,3098
2010-10-01,GAS,555
2010-10-01,HEV,366
2010-10-01,OTHER,1
2010-10-01,PETROL,8973
2010-10-01,PHEV,0
2010-11-01,BEV,0
2010-11-01,DIESEL,15027
2010-11-01,ETHANOL,3330
2010-11-01,GAS,484
2010-11-01,HEV,353
2010-11-01,OTHER,1
2010-11-01,PETROL,8888
2010-11-01,PHEV,0
2010-12-01,BEV,3
2010-12-01,DIESEL,17485
2010-12-01,ETHANOL,3626
2010-12-01,GAS,434
2010-12-01,HEV,300
2010-12-01,OTHER,4
2010-12-01,PETROL,8752
2010-12-01,PHEV,0
2011-01-01,BEV,3
2011-01-01,DIESEL,12281
2011-01-01,ETHANOL,817
2011-01-01,GAS,275
2011-01-01,HEV,238
2011-01-01,OTHER,4
2011-01-01,PETROL,6835
2011-01-01,PHEV,0
2011-02-01,BEV,29
2011-02-01,DIESEL,13524
2011-02-01,ETHANOL,973
2011-02-01,GAS,308
2011-02-01,HEV,250
2011-02-01,OTHER,2
2011-02-01,PETROL,7128
2011-02-01,PHEV,0
2011-03-01,BEV,36
2011-03-01,DIESEL,18311
2011-03-01,ETHANOL,1387
2011-03-01,GAS,569
2011-03-01,HEV,374
2011-03-01,OTHER,2
2011-03-01,PETROL,10963
2011-03-01,PHEV,0
2011-04-01,BEV,23
2011-04-01,DIESEL,17958
2011-04-01,ETHANOL,1539
2011-04-01,GAS,525
2011-04-01,HEV,336
2011-04-01,OTHER,3
2011-04-01,PETROL,10748
2011-04-01,PHEV,0
2011-05-01,BEV,40
2011-05-01,DIESEL,19373
2011-05-01,ETHANOL,1709
2011-05-01,GAS,767
2011-05-01,HEV,300
2011-05-01,OTHER,0
2011-05-01,PETROL,11277
2011-05-01,PHEV,0
2011-06-01,BEV,11
2011-06-01,DIESEL,17940
2011-06-01,ETHANOL,1602
2011-06-01,GAS,470
2011-06-01,HEV,194
2011-06-01,OTHER,1
2011-06-01,PETROL,9829
2011-06-01,PHEV,0
2011-07-01,BEV,0
2011-07-01,DIESEL,12922
2011-07-01,ETHANOL,911
2011-07-01,GAS,335
2011-07-01,HEV,121
2011-07-01,OTHER,2
2011-07-01,PETROL,7294
2011-07-01,PHEV,0
2011-08-01,BEV,3
2011-08-01,DIESEL,15410
2011-08-01,ETHANOL,1387
2011-08-01,GAS,607
2011-08-01,HEV,257
2011-08-01,OTHER,4
2011-08-01,PETROL,8674
2011-08-01,PHEV,0
2011-09-01,BEV,3
2011-09-01,DIESEL,17006
2011-09-01,ETHANOL,1340
2011-09-01,GAS,872
2011-09-01,HEV,245
2011-09-01,OTHER,4
2011-09-01,PETROL,9039
2011-09-01,PHEV,0
2011-10-01,BEV,7
2011-10-01,DIESEL,16285
2011-10-01,ETHANOL,1221
2011-10-01,GAS,732
2011-10-01,HEV,177
2011-10-01,OTHER,2
2011-10-01,PETROL,8222
2011-10-01,PHEV,0
2011-11-01,BEV,15
2011-11-01,DIESEL,17472
2011-11-01,ETHANOL,1423
2011-11-01,GAS,664
2011-11-01,HEV,256
2011-11-01,OTHER,2
2011-11-01,PETROL,8424
2011-11-01,PHEV,0
2011-12-01,BEV,15
2011-12-01,DIESEL,16671
2011-12-01,ETHANOL,974
2011-12-01,GAS,494
2011-12-01,HEV,179
2011-12-01,OTHER,5
2011-12-01,PETROL,8019
2011-12-01,PHEV,0
2012-01-01,BEV,10
2012-01-01,DIESEL,13223
2012-01-01,ETHANOL,645
2012-01-01,GAS,521
2012-01-01,HEV,109
2012-01-01,OTHER,3
2012-01-01,PETROL,5398
2012-01-01,PHEV,0
2012-02-01,BEV,14
2012-02-01,DIESEL,14908
2012-02-01,ETHANOL,608
2012-02-01,GAS,450
2012-02-01,HEV,119
2012-02-01,OTHER,3
2012-02-01,PETROL,5918
2012-02-01,PHEV,0
2012-03-01,BEV,33
2012-03-01,DIESEL,19715
2012-03-01,ETHANOL,697
2012-03-01,GAS,607
2012-03-01,HEV,161
2012-03-01,OTHER,5
2012-03-01,PETROL,9215
2012-03-01,PHEV,3
2012-04-01,BEV,37
2012-04-01,DIESEL,16400
2012-04-01,ETHANOL,551
2012-04-01,GAS,435
2012-04-01,HEV,110
2012-04-01,OTHER,7
2012-04-01,PETROL,7832
2012-04-01,PHEV,19
2012-05-01,BEV,20
2012-05-01,DIESEL,18266
2012-05-01,ETHANOL,592
2012-05-01,GAS,439
2012-05-01,HEV,172
2012-05-01,OTHER,3
2012-05-01,PETROL,8986
2012-05-01,PHEV,18
2012-06-01,BEV,16
2012-06-01,DIESEL,17755
2012-06-01,ETHANOL,517
2012-06-01,GAS,373
2012-06-01,HEV,261
2012-06-01,OTHER,0
2012-06-01,PETROL,8816
2012-06-01,PHEV,28
2012-07-01,BEV,11
2012-07-01,DIESEL,12338
2012-07-01,ETHANOL,332
2012-07-01,GAS,406
2012-07-01,HEV,309
2012-07-01,OTHER,5
2012-07-01,PETROL,6791
2012-07-01,PHEV,91
2012-08-01,BEV,14
2012-08-01,DIESEL,14458
2012-08-01,ETHANOL,361
2012-08-01,GAS,401
2012-08-01,HEV,262
2012-08-01,OTHER,3
2012-08-01,PETROL,7371
2012-08-01,PHEV,114
2012-09-01,BEV,37
2012-09-01,DIESEL,15885
2012-09-01,ETHANOL,359
2012-09-01,GAS,432
2012-09-01,HEV,331
2012-09-01,OTHER,2
2012-09-01,PETROL,6828
2012-09-01,PHEV,138
2012-10-01,BEV,18
2012-10-01,DIESEL,16830
2012-10-01,ETHANOL,416
2012-10-01,GAS,578
2012-10-01,HEV,434
2012-10-01,OTHER,9
2012-10-01,PETROL,7416
2012-10-01,PHEV,102
2012-11-01,BEV,26
2012-11-01,DIESEL,17432
2012-11-01,ETHANOL,305
2012-11-01,GAS,385
2012-11-01,HEV,402
2012-11-01,OTHER,3
2012-11-01,PETROL,8119
2012-11-01,PHEV,77
2012-12-01,BEV,28
2012-12-01,DIESEL,18209
2012-12-01,ETHANOL,521
2012-12-01,GAS,408
2012-12-01,HEV,372
2012-12-01,OTHER,5
2012-12-01,PETROL,7875
2012-12-01,PHEV,68
2013-01-01,BEV,43
2013-01-01,DIESEL,11067
2013-01-01,ETHANOL,166
2013-01-01,GAS,365
2013-01-01,HEV,358
2013-01-01,OTHER,3
2013-01-01,PETROL,5369
2013-01-01,PHEV,111
2013-02-01,BEV,26
2013-02-01,DIESEL,11928
2013-02-01,ETHANOL,163
2013-02-01,GAS,405
2013-02-01,HEV,342
2013-02-01,OTHER,1
2013-02-01,PETROL,6046
2013-02-01,PHEV,232
2013-03-01,BEV,29
2013-03-01,DIESEL,14794
2013-03-01,ETHANOL,287
2013-03-01,GAS,354
2013-03-01,HEV,353
2013-03-01,OTHER,4
2013-03-01,PETROL,8166
2013-03-01,PHEV,144
2013-04-01,BEV,24
2013-04-01,DIESEL,16610
2013-04-01,ETHANOL,151
2013-04-01,GAS,356
2013-04-01,HEV,365
2013-04-01,OTHER,5
2013-04-01,PETROL,9079
2013-04-01,PHEV,52
2013-05-01,BEV,24
2013-05-01,DIESEL,17216
2013-05-01,ETHANOL,253
2013-05-01,GAS,365
2013-05-01,HEV,464
2013-05-01,OTHER,2
2013-05-01,PETROL,10200
2013-05-01,PHEV,51
2013-06-01,BEV,26
2013-06-01,DIESEL,15160
2013-06-01,ETHANOL,278
2013-06-01,GAS,291
2013-06-01,HEV,362
2013-06-01,OTHER,2
2013-06-01,PETROL,9101
2013-06-01,PHEV,69
2013-07-01,BEV,5
2013-07-01,DIESEL,11590
2013-07-01,ETHANOL,264
2013-07-01,GAS,198
2013-07-01,HEV,355
2013-07-01,OTHER,3
2013-07-01,PETROL,8112
2013-07-01,PHEV,73
2013-08-01,BEV,26
2013-08-01,DIESEL,13489
2013-08-01,ETHANOL,414
2013-08-01,GAS,314
2013-08-01,HEV,553
2013-08-01,OTHER,3
2013-08-01,PETROL,8954
2013-08-01,PHEV,54
2013-09-01,BEV,44
2013-09-01,DIESEL,15331
2013-09-01,ETHANOL,259
2013-09-01,GAS,287
2013-09-01,HEV,556
2013-09-01,OTHER,1
2013-09-01,PETROL,9398
2013-09-01,PHEV,51
2013-10-01,BEV,80
2013-10-01,DIESEL,15604
2013-10-01,ETHANOL,350
2013-10-01,GAS,304
2013-10-01,HEV,549
2013-10-01,OTHER,4
2013-10-01,PETROL,10143
2013-10-01,PHEV,67
2013-11-01,BEV,56
2013-11-01,DIESEL,15328
2013-11-01,ETHANOL,431
2013-11-01,GAS,292
2013-11-01,HEV,483
2013-11-01,OTHER,9
2013-11-01,PETROL,9534
2013-11-01,PHEV,102
2013-12-01,BEV,69
2013-12-01,DIESEL,17321
2013-12-01,ETHANOL,227
2013-12-01,GAS,342
2013-12-01,HEV,430
2013-12-01,OTHER,5
2013-12-01,PETROL,8749
2013-12-01,PHEV,103
2014-01-01,BEV,67
2014-01-01,DIESEL,12357
2014-01-01,ETHANOL,186
2014-01-01,GAS,376
2014-01-01,HEV,492
2014-01-01,OTHER,1
2014-01-01,PETROL,6793
2014-01-01,PHEV,62
2014-02-01,BEV,59
2014-02-01,DIESEL,13743
2014-02-01,ETHANOL,203
2014-02-01,GAS,337
2014-02-01,HEV,462
2014-02-01,OTHER,2
2014-02-01,PETROL,7707
2014-02-01,PHEV,138
2014-03-01,BEV,117
2014-03-01,DIESEL,16948
2014-03-01,ETHANOL,372
2014-03-01,GAS,381
2014-03-01,HEV,627
2014-03-01,OTHER,2
2014-03-01,PETROL,10773
2014-03-01,PHEV,300
2014-04-01,BEV,65
2014-04-01,DIESEL,17480
2014-04-01,ETHANOL,283
2014-04-01,GAS,356
2014-04-01,HEV,495
2014-04-01,OTHER,4
2014-04-01,PETROL,10844
2014-04-01,PHEV,390
2014-05-01,BEV,73
2014-05-01,DIESEL,17617
2014-05-01,ETHANOL,187
2014-05-01,GAS,361
2014-05-01,HEV,520
2014-05-01,OTHER,2
2014-05-01,PETROL,10840
2014-05-01,PHEV,307
2014-06-01,BEV,91
2014-06-01,DIESEL,18176
2014-06-01,ETHANOL,218
2014-06-01,GAS,394
2014-06-01,HEV,627
2014-06-01,OTHER,1
2014-06-01,PETROL,10836
2014-06-01,PHEV,500
2014-07-01,BEV,144
2014-07-01,DIESEL,12924
2014-07-01,ETHANOL,152
2014-07-01,GAS,332
2014-07-01,HEV,419
2014-07-01,OTHER,8
2014-07-01,PETROL,8566
2014-07-01,PHEV,246
2014-08-01,BEV,286
2014-08-01,DIESEL,14178
2014-08-01,ETHANOL,250
2014-08-01,GAS,528
2014-08-01,HEV,609
2014-08-01,OTHER,2
2014-08-01,PETROL,9482
2014-08-01,PHEV,270
2014-09-01,BEV,78
2014-09-01,DIESEL,15359
2014-09-01,ETHANOL,284
2014-09-01,GAS,504
2014-09-01,HEV,583
2014-09-01,OTHER,4
2014-09-01,PETROL,10703
2014-09-01,PHEV,266
2014-10-01,BEV,86
2014-10-01,DIESEL,16940
2014-10-01,ETHANOL,171
2014-10-01,GAS,523
2014-10-01,HEV,702
2014-10-01,OTHER,4
2014-10-01,PETROL,10712
2014-10-01,PHEV,456
2014-11-01,BEV,63
2014-11-01,DIESEL,15748
2014-11-01,ETHANOL,221
2014-11-01,GAS,418
2014-11-01,HEV,692
2014-11-01,OTHER,3
2014-11-01,PETROL,9659
2014-11-01,PHEV,204
2014-12-01,BEV,137
2014-12-01,DIESEL,16564
2014-12-01,ETHANOL,164
2014-12-01,GAS,511
2014-12-01,HEV,826
2014-12-01,OTHER,2
2014-12-01,PETROL,9610
2014-12-01,PHEV,272
2015-01-01,BEV,78
2015-01-01,DIESEL,12547
2015-01-01,ETHANOL,125
2015-01-01,GAS,335
2015-01-01,HEV,579
2015-01-01,OTHER,3
2015-01-01,PETROL,7418
2015-01-01,PHEV,214
2015-02-01,BEV,101
2015-02-01,DIESEL,14838
2015-02-01,ETHANOL,113
2015-02-01,GAS,483
2015-02-01,HEV,626
2015-02-01,OTHER,1
2015-02-01,PETROL,8482
2015-02-01,PHEV,203
2015-03-01,BEV,357
2015-03-01,DIESEL,19333
2015-03-01,ETHANOL,144
2015-03-01,GAS,537
2015-03-01,HEV,943
2015-03-01,OTHER,4
2015-03-01,PETROL,11885
2015-03-01,PHEV,315
2015-04-01,BEV,286
2015-04-01,DIESEL,18486
2015-04-01,ETHANOL,168
2015-04-01,GAS,600
2015-04-01,HEV,504
2015-04-01,OTHER,5
2015-04-01,PETROL,11643
2015-04-01,PHEV,355
2015-05-01,BEV,322
2015-05-01,DIESEL,17953
2015-05-01,ETHANOL,95
2015-05-01,GAS,448
2015-05-01,HEV,584
2015-05-01,OTHER,2
2015-05-01,PETROL,11545
2015-05-01,PHEV,386
2015-06-01,BEV,328
2015-06-01,DIESEL,19833
2015-06-01,ETHANOL,112
2015-06-01,GAS,311
2015-06-01,HEV,914
2015-06-01,OTHER,3
2015-06-01,PETROL,12434
2015-06-01,PHEV,479
2015-07-01,BEV,256
2015-07-01,DIESEL,14472
2015-07-01,ETHANOL,77
2015-07-01,GAS,325
2015-07-01,HEV,596
2015-07-01,OTHER,1
2015-07-01,PETROL,10236
2015-07-01,PHEV,279
2015-08-01,BEV,260
2015-08-01,DIESEL,15292
2015-08-01,ETHANOL,123
2015-08-01,GAS,427
2015-08-01,HEV,611
2015-08-01,OTHER,0
2015-08-01,PETROL,10800
2015-08-01,PHEV,308
2015-09-01,BEV,220
2015-09-01,DIESEL,16795
2015-09-01,ETHANOL,133
2015-09-01,GAS,533
2015-09-01,HEV,850
2015-09-01,OTHER,4
2015-09-01,PETROL,12128
2015-09-01,PHEV,398
2015-10-01,BEV,202
2015-10-01,DIESEL,18570
2015-10-01,ETHANOL,105
2015-10-01,GAS,457
2015-10-01,HEV,775
2015-10-01,OTHER,5
2015-10-01,PETROL,12057
2015-10-01,PHEV,504
2015-11-01,BEV,184
2015-11-01,DIESEL,18781
2015-11-01,ETHANOL,99
2015-11-01,GAS,330
2015-11-01,HEV,766
2015-11-01,OTHER,2
2015-11-01,PETROL,11660
2015-11-01,PHEV,558
2015-12-01,BEV,322
2015-12-01,DIESEL,19500
2015-12-01,ETHANOL,76
2015-12-01,GAS,332
2015-12-01,HEV,1021
2015-12-01,OTHER,1
2015-12-01,PETROL,11288
2015-12-01,PHEV,1753
2016-01-01,BEV,133
2016-01-01,DIESEL,12599
2016-01-01,ETHANOL,48
2016-01-01,GAS,266
2016-01-01,HEV,833
2016-01-01,OTHER,2
2016-01-01,PETROL,8357
2016-01-01,PHEV,145
2016-02-01,BEV,157
2016-02-01,DIESEL,15453
2016-02-01,ETHANOL,73
2016-02-01,GAS,318
2016-02-01,HEV,1107
2016-02-01,OTHER,2
2016-02-01,PETROL,10426
2016-02-01,PHEV,470
2016-03-01,BEV,407
2016-03-01,DIESEL,18776
2016-03-01,ETHANOL,67
2016-03-01,GAS,373
2016-03-01,HEV,1336
2016-03-01,OTHER,1
2016-03-01,PETROL,14243
2016-03-01,PHEV,854
2016-04-01,BEV,294
2016-04-01,DIESEL,19140
2016-04-01,ETHANOL,61
2016-04-01,GAS,338
2016-04-01,HEV,1013
2016-04-01,OTHER,8
2016-04-01,PETROL,13471
2016-04-01,PHEV,920
2016-05-01,BEV,191
2016-05-01,DIESEL,18971
2016-05-01,ETHANOL,82
2016-05-01,GAS,319
2016-05-01,HEV,1087
2016-05-01,OTHER,4
2016-05-01,PETROL,14962
2016-05-01,PHEV,994
2016-06-01,BEV,219
2016-06-01,DIESEL,20206
2016-06-01,ETHANOL,106
2016-06-01,GAS,417
2016-06-01,HEV,967
2016-06-01,OTHER,6
2016-06-01,PETROL,15179
2016-06-01,PHEV,1137
2016-07-01,BEV,107
2016-07-01,DIESEL,12890
2016-07-01,ETHANOL,24
2016-07-01,GAS,140
2016-07-01,HEV,810
2016-07-01,OTHER,2
2016-07-01,PETROL,10818
2016-07-01,PHEV,859
2016-08-01,BEV,153
2016-08-01,DIESEL,13721
2016-08-01,ETHANOL,102
2016-08-01,GAS,261
2016-08-01,HEV,1221
2016-08-01,OTHER,5
2016-08-01,PETROL,12561
2016-08-01,PHEV,787
2016-09-01,BEV,419
2016-09-01,DIESEL,16291
2016-09-01,ETHANOL,99
2016-09-01,GAS,381
2016-09-01,HEV,1613
2016-09-01,OTHER,3
2016-09-01,PETROL,13602
2016-09-01,PHEV,1162
2016-10-01,BEV,212
2016-10-01,DIESEL,17016
2016-10-01,ETHANOL,35
2016-10-01,GAS,291
2016-10-01,HEV,1168
2016-10-01,OTHER,10
2016-10-01,PETROL,13443
2016-10-01,PHEV,1023
2016-11-01,BEV,248
2016-11-01,DIESEL,16472
2016-11-01,ETHANOL,67
2016-11-01,GAS,317
2016-11-01,HEV,1128
2016-11-01,OTHER,4
2016-11-01,PETROL,13136
2016-11-01,PHEV,1024
2016-12-01,BEV,453
2016-12-01,DIESEL,19522
2016-12-01,ETHANOL,92
2016-12-01,GAS,389
2016-12-01,HEV,1353
2016-12-01,OTHER,5
2016-12-01,PETROL,15122
2016-12-01,PHEV,915
2017-01-01,BEV,260
2017-01-01,DIESEL,12922
2017-01-01,ETHANOL,93
2017-01-01,GAS,345
2017-01-01,HEV,1050
2017-01-01,OTHER,4
2017-01-01,PETROL,8368
2017-01-01,PHEV,997
2017-02-01,BEV,228
2017-02-01,DIESEL,15169
2017-02-01,ETHANOL,81
2017-02-01,GAS,248
2017-02-01,HEV,1437
2017-02-01,OTHER,4
2017-02-01,PETROL,10385
2017-02-01,PHEV,932
2017-03-01,BEV,579
2017-03-01,DIESEL,19984
2017-03-01,ETHANOL,98
2017-03-01,GAS,216
2017-03-01,HEV,2086
2017-03-01,OTHER,5
2017-03-01,PETROL,15657
2017-03-01,PHEV,851
2017-04-01,BEV,396
2017-04-01,DIESEL,16570
2017-04-01,ETHANOL,86
2017-04-01,GAS,179
2017-04-01,HEV,1248
2017-04-01,OTHER,4
2017-04-01,PETROL,12540
2017-04-01,PHEV,818
2017-05-01,BEV,400
2017-05-01,DIESEL,18678
2017-05-01,ETHANOL,95
2017-05-01,GAS,207
2017-05-01,HEV,1483
2017-05-01,OTHER,4
2017-05-01,PETROL,15112
2017-05-01,PHEV,1172
2017-06-01,BEV,429
2017-06-01,DIESEL,20206
2017-06-01,ETHANOL,77
2017-06-01,GAS,170
2017-06-01,HEV,1574
2017-06-01,OTHER,3
2017-06-01,PETROL,16237
2017-06-01,PHEV,1185
2017-07-01,BEV,220
2017-07-01,DIESEL,12384
2017-07-01,ETHANOL,33
2017-07-01,GAS,158
2017-07-01,HEV,1230
2017-07-01,OTHER,5
2017-07-01,PETROL,11138
2017-07-01,PHEV,996
2017-08-01,BEV,413
2017-08-01,DIESEL,14618
2017-08-01,ETHANOL,165
2017-08-01,GAS,468
2017-08-01,HEV,1691
2017-08-01,OTHER,7
2017-08-01,PETROL,12450
2017-08-01,PHEV,1561
2017-09-01,BEV,491
2017-09-01,DIESEL,15340
2017-09-01,ETHANOL,91
2017-09-01,GAS,576
2017-09-01,HEV,1554
2017-09-01,OTHER,5
2017-09-01,PETROL,12956
2017-09-01,PHEV,1530
2017-10-01,BEV,382
2017-10-01,DIESEL,15122
2017-10-01,ETHANOL,122
2017-10-01,GAS,492
2017-10-01,HEV,1645
2017-10-01,OTHER,2
2017-10-01,PETROL,13524
2017-10-01,PHEV,1937
2017-11-01,BEV,268
2017-11-01,DIESEL,14226
2017-11-01,ETHANOL,76
2017-11-01,GAS,560
2017-11-01,HEV,1629
2017-11-01,OTHER,4
2017-11-01,PETROL,14354
2017-11-01,PHEV,2076
2017-12-01,BEV,293
2017-12-01,DIESEL,15848
2017-12-01,ETHANOL,73
2017-12-01,GAS,352
2017-12-01,HEV,2013
2017-12-01,OTHER,10
2017-12-01,PETROL,14834
2017-12-01,PHEV,1934
2018-01-01,BEV,191
2018-01-01,DIESEL,9788
2018-01-01,ETHANOL,59
2018-01-01,GAS,289
2018-01-01,HEV,1417
2018-01-01,OTHER,2
2018-01-01,PETROL,10493
2018-01-01,PHEV,1576
2018-02-01,BEV,324
2018-02-01,DIESEL,12143
2018-02-01,ETHANOL,84
2018-02-01,GAS,233
2018-02-01,HEV,1177
2018-02-01,OTHER,1
2018-02-01,PETROL,12305
2018-02-01,PHEV,1548
2018-03-01,BEV,749
2018-03-01,DIESEL,15538
2018-03-01,ETHANOL,75
2018-03-01,GAS,350
2018-03-01,HEV,2183
2018-03-01,OTHER,3
2018-03-01,PETROL,17139
2018-03-01,PHEV,1920
2018-04-01,BEV,377
2018-04-01,DIESEL,13802
2018-04-01,ETHANOL,69
2018-04-01,GAS,376
2018-04-01,HEV,1875
2018-04-01,OTHER,3
2018-04-01,PETROL,17310
2018-04-01,PHEV,1789
2018-05-01,BEV,293
2018-05-01,DIESEL,14988
2018-05-01,ETHANOL,57
2018-05-01,GAS,348
2018-05-01,HEV,2179
2018-05-01,OTHER,3
2018-05-01,PETROL,19867
2018-05-01,PHEV,1711
2018-06-01,BEV,337
2018-06-01,DIESEL,29301
2018-06-01,ETHANOL,130
2018-06-01,GAS,328
2018-06-01,HEV,2842
2018-06-01,OTHER,3
2018-06-01,PETROL,32231
2018-06-01,PHEV,2381
2018-07-01,BEV,533
2018-07-01,DIESEL,3155
2018-07-01,ETHANOL,30
2018-07-01,GAS,290
2018-07-01,HEV,944
2018-07-01,OTHER,0
2018-07-01,PETROL,6937
2018-07-01,PHEV,1909
2018-08-01,BEV,565
2018-08-01,DIESEL,7737
2018-08-01,ETHANOL,384
2018-08-01,GAS,504
2018-08-01,HEV,1697
2018-08-01,OTHER,1
2018-08-01,PETROL,12888
2018-08-01,PHEV,1989
2018-09-01,BEV,667
2018-09-01,DIESEL,6082
2018-09-01,ETHANOL,27
2018-09-01,GAS,205
2018-09-01,HEV,1655
2018-09-01,OTHER,1
2018-09-01,PETROL,9524
2018-09-01,PHEV,1725
2018-10-01,BEV,806
2018-10-01,DIESEL,7753
2018-10-01,ETHANOL,32
2018-10-01,GAS,120
2018-10-01,HEV,1836
2018-10-01,OTHER,5
2018-10-01,PETROL,11702
2018-10-01,PHEV,1874
2018-11-01,BEV,1211
2018-11-01,DIESEL,8945
2018-11-01,ETHANOL,36
2018-11-01,GAS,100
2018-11-01,HEV,1835
2018-11-01,OTHER,6
2018-11-01,PETROL,12432
2018-11-01,PHEV,1792
2018-12-01,BEV,1094
2018-12-01,DIESEL,8177
2018-12-01,ETHANOL,37
2018-12-01,GAS,145
2018-12-01,HEV,1380
2018-12-01,OTHER,4
2018-12-01,PETROL,10980
2018-12-01,PHEV,1597
2019-01-01,BEV,1103
2019-01-01,DIESEL,8113
2019-01-01,ETHANOL,17
2019-01-01,GAS,104
2019-01-01,HEV,1367
2019-01-01,OTHER,1
2019-01-01,PETROL,8835
2019-01-01,PHEV,1577
2019-02-01,BEV,902
2019-02-01,DIESEL,8827
2019-02-01,ETHANOL,8
2019-02-01,GAS,96
2019-02-01,HEV,1226
2019-02-01,OTHER,0
2019-02-01,PETROL,10830
2019-02-01,PHEV,1900
2019-03-01,BEV,2107
2019-03-01,DIESEL,10770
2019-03-01,ETHANOL,12
2019-03-01,GAS,202
2019-03-01,HEV,1783
2019-03-01,OTHER,1
2019-03-01,PETROL,13912
2019-03-01,PHEV,2292
2019-04-01,BEV,1377
2019-04-01,DIESEL,11981
2019-04-01,ETHANOL,7
2019-04-01,GAS,281
2019-04-01,HEV,2144
2019-04-01,OTHER,4
2019-04-01,PETROL,13946
2019-04-01,PHEV,1711
2019-05-01,BEV,1255
2019-05-01,DIESEL,11673
2019-05-01,ETHANOL,15
2019-05-01,GAS,447
2019-05-01,HEV,2614
2019-05-01,OTHER,3
2019-05-01,PETROL,15588
2019-05-01,PHEV,1655
2019-06-01,BEV,1692
2019-06-01,DIESEL,10813
2019-06-01,ETHANOL,6
2019-06-01,GAS,610
2019-06-01,HEV,2418
2019-06-01,OTHER,5
2019-06-01,PETROL,15827
2019-06-01,PHEV,1748
2019-07-01,BEV,1083
2019-07-01,DIESEL,7959
2019-07-01,ETHANOL,4
2019-07-01,GAS,351
2019-07-01,HEV,1934
2019-07-01,OTHER,2
2019-07-01,PETROL,12311
2019-07-01,PHEV,1307
2019-08-01,BEV,971
2019-08-01,DIESEL,9274
2019-08-01,ETHANOL,207
2019-08-01,GAS,953
2019-08-01,HEV,2460
2019-08-01,OTHER,2
2019-08-01,PETROL,14958
2019-08-01,PHEV,1668
2019-09-01,BEV,1764
2019-09-01,DIESEL,7891
2019-09-01,ETHANOL,181
2019-09-01,GAS,649
2019-09-01,HEV,2170
2019-09-01,OTHER,3
2019-09-01,PETROL,13196
2019-09-01,PHEV,1874
2019-10-01,BEV,848
2019-10-01,DIESEL,9764
2019-10-01,ETHANOL,126
2019-10-01,GAS,532
2019-10-01,HEV,2457
2019-10-01,OTHER,0
2019-10-01,PETROL,14070
2019-10-01,PHEV,2696
2019-11-01,BEV,1062
2019-11-01,DIESEL,9692
2019-11-01,ETHANOL,182
2019-11-01,GAS,364
2019-11-01,HEV,2435
2019-11-01,OTHER,2
2019-11-01,PETROL,14133
2019-11-01,PHEV,3256
2019-12-01,BEV,1631
2019-12-01,DIESEL,15982
2019-12-01,ETHANOL,402
2019-12-01,GAS,382
2019-12-01,HEV,2444
2019-12-01,OTHER,2
2019-12-01,PETROL,24299
2019-12-01,PHEV,3223
2020-01-01,BEV,1268
2020-01-01,DIESEL,4088
2020-01-01,ETHANOL,5
2020-01-01,GAS,443
2020-01-01,HEV,1140
2020-01-01,OTHER,1
2020-01-01,PETROL,6732
2020-01-01,PHEV,4113
2020-02-01,BEV,1430
2020-02-01,DIESEL,6084
2020-02-01,ETHANOL,7
2020-02-01,GAS,355
2020-02-01,HEV,1657
2020-02-01,OTHER,2
2020-02-01,PETROL,8927
2020-02-01,PHEV,4027
2020-03-01,BEV,3015
2020-03-01,DIESEL,7284
2020-03-01,ETHANOL,7
2020-03-01,GAS,330
2020-03-01,HEV,1710
2020-03-01,OTHER,5
2020-03-01,PETROL,11431
2020-03-01,PHEV,4753
2020-04-01,BEV,1049
2020-04-01,DIESEL,5223
2020-04-01,ETHANOL,5
2020-04-01,GAS,247
2020-04-01,HEV,1341
2020-04-01,OTHER,3
2020-04-01,PETROL,8730
2020-04-01,PHEV,3233
2020-05-01,BEV,841
2020-05-01,DIESEL,4445
2020-05-01,ETHANOL,5
2020-05-01,GAS,126
2020-05-01,HEV,1263
2020-05-01,OTHER,0
2020-05-01,PETROL,7628
2020-05-01,PHEV,2591
2020-06-01,BEV,1706
2020-06-01,DIESEL,7082
2020-06-01,ETHANOL,4
2020-06-01,GAS,159
2020-06-01,HEV,1152
2020-06-01,OTHER,4
2020-06-01,PETROL,11255
2020-06-01,PHEV,4696
2020-07-01,BEV,1307
2020-07-01,DIESEL,5685
2020-07-01,ETHANOL,7
2020-07-01,GAS,90
2020-07-01,HEV,1529
2020-07-01,OTHER,3
2020-07-01,PETROL,9769
2020-07-01,PHEV,5414
2020-08-01,BEV,2120
2020-08-01,DIESEL,5558
2020-08-01,ETHANOL,13
2020-08-01,GAS,513
2020-08-01,HEV,2624
2020-08-01,OTHER,0
2020-08-01,PETROL,10416
2020-08-01,PHEV,5301
2020-09-01,BEV,3678
2020-09-01,DIESEL,5716
2020-09-01,ETHANOL,7
2020-09-01,GAS,401
2020-09-01,HEV,2960
2020-09-01,OTHER,4
2020-09-01,PETROL,10792
2020-09-01,PHEV,6233
2020-10-01,BEV,2345
2020-10-01,DIESEL,5356
2020-10-01,ETHANOL,6
2020-10-01,GAS,389
2020-10-01,HEV,2623
2020-10-01,OTHER,2
2020-10-01,PETROL,10467
2020-10-01,PHEV,7849
2020-11-01,BEV,2729
2020-11-01,DIESEL,4974
2020-11-01,ETHANOL,1
2020-11-01,GAS,240
2020-11-01,HEV,2452
2020-11-01,OTHER,0
2020-11-01,PETROL,9457
2020-11-01,PHEV,7590
2020-12-01,BEV,6609
2020-12-01,DIESEL,6578
2020-12-01,ETHANOL,3
2020-12-01,GAS,232
2020-12-01,HEV,2180
2020-12-01,OTHER,2
2020-12-01,PETROL,9036
2020-12-01,PHEV,10334
2021-01-01,BEV,1161
2021-01-01,DIESEL,4947
2021-01-01,ETHANOL,5
2021-01-01,GAS,111
2021-01-01,HEV,1635
2021-01-01,OTHER,1
2021-01-01,PETROL,7718
2021-01-01,PHEV,5898
2021-02-01,BEV,1416
2021-02-01,DIESEL,4961
2021-02-01,ETHANOL,3
2021-02-01,GAS,163
2021-02-01,HEV,1643
2021-02-01,OTHER,3
2021-02-01,PETROL,8799
2021-02-01,PHEV,6598
2021-03-01,BEV,2625
2021-03-01,DIESEL,10875
2021-03-01,ETHANOL,8
2021-03-01,GAS,142
2021-03-01,HEV,3301
2021-03-01,OTHER,2
2021-03-01,PETROL,16807
2021-03-01,PHEV,14963
2021-04-01,BEV,4888
2021-04-01,DIESEL,3729
2021-04-01,ETHANOL,51
2021-04-01,GAS,135
2021-04-01,HEV,1992
2021-04-01,OTHER,2
2021-04-01,PETROL,7758
2021-04-01,PHEV,4578
2021-05-01,BEV,3972
2021-05-01,DIESEL,4561
2021-05-01,ETHANOL,94
2021-05-01,GAS,146
2021-05-01,HEV,2404
2021-05-01,OTHER,7
2021-05-01,PETROL,8971
2021-05-01,PHEV,5558
2021-06-01,BEV,8706
2021-06-01,DIESEL,6173
2021-06-01,ETHANOL,177
2021-06-01,GAS,166
2021-06-01,HEV,2922
2021-06-01,OTHER,5
2021-06-01,PETROL,10343
2021-06-01,PHEV,9146
2021-07-01,BEV,2556
2021-07-01,DIESEL,3122
2021-07-01,ETHANOL,209
2021-07-01,GAS,89
2021-07-01,HEV,1730
2021-07-01,OTHER,8
2021-07-01,PETROL,6588
2021-07-01,PHEV,3808
2021-08-01,BEV,4806
2021-08-01,DIESEL,3059
2021-08-01,ETHANOL,127
2021-08-01,GAS,162
2021-08-01,HEV,1865
2021-08-01,OTHER,5
2021-08-01,PETROL,6340
2021-08-01,PHEV,4561
2021-09-01,BEV,7486
2021-09-01,DIESEL,3016
2021-09-01,ETHANOL,167
2021-09-01,GAS,140
2021-09-01,HEV,1742
2021-09-01,OTHER,1
2021-09-01,PETROL,6415
2021-09-01,PHEV,4778
2021-10-01,BEV,4634
2021-10-01,DIESEL,2790
2021-10-01,ETHANOL,182
2021-10-01,GAS,106
2021-10-01,HEV,1491
2021-10-01,OTHER,2
2021-10-01,PETROL,6077
2021-10-01,PHEV,5634
2021-11-01,BEV,5549
2021-11-01,DIESEL,3089
2021-11-01,ETHANOL,112
2021-11-01,GAS,56
2021-11-01,HEV,1518
2021-11-01,OTHER,1
2021-11-01,PETROL,5789
2021-11-01,PHEV,5979
2021-12-01,BEV,10082
2021-12-01,DIESEL,3412
2021-12-01,ETHANOL,165
2021-12-01,GAS,132
2021-12-01,HEV,1894
2021-12-01,OTHER,6
2021-12-01,PETROL,5865
2021-12-01,PHEV,6699
2022-01-01,BEV,5221
2022-01-01,DIESEL,2809
2022-01-01,ETHANOL,87
2022-01-01,GAS,135
2022-01-01,HEV,1790
2022-01-01,OTHER,3
2022-01-01,PETROL,5104
2022-01-01,PHEV,5378
2022-02-01,BEV,5491
2022-02-01,DIESEL,3135
2022-02-01,ETHANOL,247
2022-02-01,GAS,122
2022-02-01,HEV,2045
2022-02-01,OTHER,0
2022-02-01,PETROL,5368
2022-02-01,PHEV,5509
2022-03-01,BEV,9254
2022-03-01,DIESEL,3913
2022-03-01,ETHANOL,266
2022-03-01,GAS,109
2022-03-01,HEV,2786
2022-03-01,OTHER,2
2022-03-01,PETROL,6737
2022-03-01,PHEV,6826
2022-04-01,BEV,5500
2022-04-01,DIESEL,3492
2022-04-01,ETHANOL,143
2022-04-01,GAS,51
2022-04-01,HEV,2735
2022-04-01,OTHER,7
2022-04-01,PETROL,5968
2022-04-01,PHEV,5154
2022-05-01,BEV,6529
2022-05-01,DIESEL,4369
2022-05-01,ETHANOL,238
2022-05-01,GAS,86
2022-05-01,HEV,2582
2022-05-01,OTHER,0
2022-05-01,PETROL,7786
2022-05-01,PHEV,6146
2022-06-01,BEV,8365
2022-06-01,DIESEL,3998
2022-06-01,ETHANOL,180
2022-06-01,GAS,155
2022-06-01,HEV,2024
2022-06-01,OTHER,3
2022-06-01,PETROL,6490
2022-06-01,PHEV,6159
2022-07-01,BEV,4792
2022-07-01,DIESEL,2249
2022-07-01,ETHANOL,175
2022-07-01,GAS,39
2022-07-01,HEV,1600
2022-07-01,OTHER,3
2022-07-01,PETROL,5672
2022-07-01,PHEV,4259
2022-08-01,BEV,5927
2022-08-01,DIESEL,2578
2022-08-01,ETHANOL,288
2022-08-01,GAS,346
2022-08-01,HEV,2707
2022-08-01,OTHER,4
2022-08-01,PETROL,5975
2022-08-01,PHEV,3668
2022-09-01,BEV,7871
2022-09-01,DIESEL,2698
2022-09-01,ETHANOL,402
2022-09-01,GAS,286
2022-09-01,HEV,2382
2022-09-01,OTHER,5
2022-09-01,PETROL,5016
2022-09-01,PHEV,4387
2022-10-01,BEV,8036
2022-10-01,DIESEL,2471
2022-10-01,ETHANOL,233
2022-10-01,GAS,306
2022-10-01,HEV,2266
2022-10-01,OTHER,4
2022-10-01,PETROL,4523
2022-10-01,PHEV,5381
2022-11-01,BEV,10970
2022-11-01,DIESEL,2530
2022-11-01,ETHANOL,237
2022-11-01,GAS,149
2022-11-01,HEV,2506
2022-11-01,OTHER,5
2022-11-01,PETROL,4238
2022-11-01,PHEV,5660
2022-12-01,BEV,18207
2022-12-01,DIESEL,2546
2022-12-01,ETHANOL,212
2022-12-01,GAS,135
2022-12-01,HEV,2161
2022-12-01,OTHER,0
2022-12-01,PETROL,4370
2022-12-01,PHEV,8248
2023-01-01,BEV,4333
2023-01-01,DIESEL,1863
2023-01-01,ETHANOL,119
2023-01-01,GAS,123
2023-01-01,HEV,1776
2023-01-01,OTHER,1
2023-01-01,PETROL,3602
2023-01-01,PHEV,3465
2023-02-01,BEV,6212
2023-02-01,DIESEL,2217
2023-02-01,ETHANOL,445
2023-02-01,GAS,130
2023-02-01,HEV,1914
2023-02-01,OTHER,2
2023-02-01,PETROL,4256
2023-02-01,PHEV,3864
2023-03-01,BEV,12644
2023-03-01,DIESEL,2549
2023-03-01,ETHANOL,563
2023-03-01,GAS,132
2023-03-01,HEV,3073
2023-03-01,OTHER,5
2023-03-01,PETROL,6452
2023-03-01,PHEV,5542
2023-04-01,BEV,6983
2023-04-01,DIESEL,2347
2023-04-01,ETHANOL,403
2023-04-01,GAS,116
2023-04-01,HEV,1855
2023-04-01,OTHER,0
2023-04-01,PETROL,5148
2023-04-01,PHEV,4561
2023-05-01,BEV,11696
2023-05-01,DIESEL,2641
2023-05-01,ETHANOL,320
2023-05-01,GAS,232
2023-05-01,HEV,2176
2023-05-01,OTHER,4
2023-05-01,PETROL,6324
2023-05-01,PHEV,5991
2023-06-01,BEV,11005
2023-06-01,DIESEL,2524
2023-06-01,ETHANOL,337
2023-06-01,GAS,226
2023-06-01,HEV,2337
2023-06-01,OTHER,2
2023-06-01,PETROL,6895
2023-06-01,PHEV,5806
2023-07-01,BEV,6528
2023-07-01,DIESEL,1684
2023-07-01,ETHANOL,324
2023-07-01,GAS,64
2023-07-01,HEV,1329
2023-07-01,OTHER,2
2023-07-01,PETROL,4246
2023-07-01,PHEV,3896
2023-08-01,BEV,9832
2023-08-01,DIESEL,2024
2023-08-01,ETHANOL,226
2023-08-01,GAS,247
2023-08-01,HEV,2193
2023-08-01,OTHER,1
2023-08-01,PETROL,5480
2023-08-01,PHEV,4575
2023-09-01,BEV,12552
2023-09-01,DIESEL,2393
2023-09-01,ETHANOL,318
2023-09-01,GAS,204
2023-09-01,HEV,2251
2023-09-01,OTHER,4
2023-09-01,PETROL,5820
2023-09-01,PHEV,5351
2023-10-01,BEV,9454
2023-10-01,DIESEL,2094
2023-10-01,ETHANOL,420
2023-10-01,GAS,182
2023-10-01,HEV,2328
2023-10-01,OTHER,2
2023-10-01,PETROL,5488
2023-10-01,PHEV,5762
2023-11-01,BEV,10128
2023-11-01,DIESEL,1960
2023-11-01,ETHANOL,469
2023-11-01,GAS,222
2023-11-01,HEV,2803
2023-11-01,OTHER,1
2023-11-01,PETROL,5024
2023-11-01,PHEV,5321
2023-12-01,BEV,11408
2023-12-01,DIESEL,2202
2023-12-01,ETHANOL,278
2023-12-01,GAS,156
2023-12-01,HEV,2505
2023-12-01,OTHER,2
2023-12-01,PETROL,6042
2023-12-01,PHEV,7101
2024-01-01,BEV,5068
2024-01-01,DIESEL,1890
2024-01-01,ETHANOL,440
2024-01-01,GAS,177
2024-01-01,HEV,2059
2024-01-01,OTHER,2
2024-01-01,PETROL,4078
2024-01-01,PHEV,4095
2024-02-01,BEV,5244
2024-02-01,DIESEL,1761
2024-02-01,ETHANOL,575
2024-02-01,GAS,139
2024-02-01,HEV,2158
2024-02-01,OTHER,5
2024-02-01,PETROL,4868
2024-02-01,PHEV,4500
2024-03-01,BEV,8381
2024-03-01,DIESEL,1902
2024-03-01,ETHANOL,462
2024-03-01,GAS,241
2024-03-01,HEV,2073
2024-03-01,OTHER,4
2024-03-01,PETROL,5862
2024-03-01,PHEV,5556
2024-04-01,BEV,6845
2024-04-01,DIESEL,1819
2024-04-01,ETHANOL,363
2024-04-01,GAS,217
2024-04-01,HEV,2254
2024-04-01,OTHER,1
2024-04-01,PETROL,5483
2024-04-01,PHEV,5744
2024-05-01,BEV,7648
2024-05-01,DIESEL,2252
2024-05-01,ETHANOL,377
2024-05-01,GAS,127
2024-05-01,HEV,2714
2024-05-01,OTHER,3
2024-05-01,PETROL,6984
2024-05-01,PHEV,5842
2024-06-01,BEV,9135
2024-06-01,DIESEL,2141
2024-06-01,ETHANOL,304
2024-06-01,GAS,86
2024-06-01,HEV,2241
2024-06-01,OTHER,7
2024-06-01,PETROL,6930
2024-06-01,PHEV,5252
2024-07-01,BEV,5530
2024-07-01,DIESEL,1690
2024-07-01,ETHANOL,136
2024-07-01,GAS,9
2024-07-01,HEV,1375
2024-07-01,OTHER,2
2024-07-01,PETROL,3970
2024-07-01,PHEV,4244
2024-08-01,BEV,6819
2024-08-01,DIESEL,1855
2024-08-01,ETHANOL,198
2024-08-01,GAS,39
2024-08-01,HEV,2091
2024-08-01,OTHER,6
2024-08-01,PETROL,4822
2024-08-01,PHEV,3881
2024-09-01,BEV,11566
2024-09-01,DIESEL,1521
2024-09-01,ETHANOL,278
2024-09-01,GAS,36
2024-09-01,HEV,1966
2024-09-01,OTHER,3
2024-09-01,PETROL,5825
2024-09-01,PHEV,5223
2024-10-01,BEV,8819
2024-10-01,DIESEL,1745
2024-10-01,ETHANOL,333
2024-10-01,GAS,15
2024-10-01,HEV,2223
2024-10-01,OTHER,1
2024-10-01,PETROL,5735
2024-10-01,PHEV,6811
2024-11-01,BEV,9050
2024-11-01,DIESEL,1677
2024-11-01,ETHANOL,302
2024-11-01,GAS,18
2024-11-01,HEV,2170
2024-11-01,OTHER,2
2024-11-01,PETROL,5896
2024-11-01,PHEV,6328
2024-12-01,BEV,10734
2024-12-01,DIESEL,1905
2024-12-01,ETHANOL,238
2024-12-01,GAS,2
2024-12-01,HEV,2144
2024-12-01,OTHER,2
2024-12-01,PETROL,5996
2024-12-01,PHEV,5798
2025-01-01,BEV,5722
2025-01-01,DIESEL,1378
2025-01-01,ETHANOL,1682
2025-01-01,GAS,0
2025-01-01,HEV,1824
2025-01-01,OTHER,4
2025-01-01,PETROL,5185
2025-01-01,PHEV,4513
2025-02-01,BEV,6928
2025-02-01,DIESEL,1525
2025-02-01,ETHANOL,6
2025-02-01,GAS,1
2025-02-01,HEV,1620
2025-02-01,OTHER,2
2025-02-01,PETROL,4994
2025-02-01,PHEV,5133
2025-03-01,BEV,8435
2025-03-01,DIESEL,2023
2025-03-01,ETHANOL,10
2025-03-01,GAS,2
2025-03-01,HEV,2127
2025-03-01,OTHER,5
2025-03-01,PETROL,6018
2025-03-01,PHEV,6339
2025-04-01,BEV,8606
2025-04-01,DIESEL,2169
2025-04-01,ETHANOL,11
2025-04-01,GAS,1
2025-04-01,HEV,1885
2025-04-01,OTHER,4
2025-04-01,PETROL,5707
2025-04-01,PHEV,6849
2025-05-01,BEV,9526
2025-05-01,DIESEL,2079
2025-05-01,ETHANOL,4
2025-05-01,GAS,0
2025-05-01,HEV,2209
2025-05-01,OTHER,2
2025-05-01,PETROL,5976
2025-05-01,PHEV,6811
2025-06-01,BEV,10845
2025-06-01,DIESEL,2180
2025-06-01,ETHANOL,9
2025-06-01,GAS,1
2025-06-01,HEV,1773
2025-06-01,OTHER,4
2025-06-01,PETROL,6527
2025-06-01,PHEV,7298
2025-07-01,BEV,6224
2025-07-01,DIESEL,1644
2025-07-01,ETHANOL,5
2025-07-01,GAS,3
2025-07-01,HEV,1288
2025-07-01,OTHER,2
2025-07-01,PETROL,4586
2025-07-01,PHEV,4865
2025-08-01,BEV,6790
2025-08-01,DIESEL,1824
2025-08-01,ETHANOL,5
2025-08-01,GAS,1
2025-08-01,HEV,2260
2025-08-01,OTHER,1
2025-08-01,PETROL,4774
2025-08-01,PHEV,5159
2025-09-01,BEV,9658
2025-09-01,DIESEL,1620
2025-09-01,ETHANOL,5
2025-09-01,GAS,0
2025-09-01,HEV,2002
2025-09-01,OTHER,3
2025-09-01,PETROL,5208
2025-09-01,PHEV,7667
2025-10-01,BEV,8772
2025-10-01,DIESEL,1910
2025-10-01,ETHANOL,33
2025-10-01,GAS,1
2025-10-01,HEV,2184
2025-10-01,OTHER,3
2025-10-01,PETROL,5125
2025-10-01,PHEV,7166
2025-11-01,BEV,8539
2025-11-01,DIESEL,1565
2025-11-01,ETHANOL,73
2025-11-01,GAS,1
2025-11-01,HEV,2047
2025-11-01,OTHER,2
2025-11-01,PETROL,4389
2025-11-01,PHEV,5299
2025-12-01,BEV,10320
2025-12-01,DIESEL,1485
2025-12-01,ETHANOL,83
2025-12-01,GAS,2
2025-12-01,HEV,2385
2025-12-01,OTHER,1
2025-12-01,PETROL,4221
2025-12-01,PHEV,6124
2026-01-01,BEV,6750
2026-01-01,DIESEL,1153
2026-01-01,ETHANOL,88
2026-01-01,GAS,2
2026-01-01,HEV,1609
2026-01-01,OTHER,1
2026-01-01,PETROL,3434
2026-01-01,PHEV,3630
2026-02-01,BEV,7686
2026-02-01,DIESEL,1576
2026-02-01,ETHANOL,101
2026-02-01,GAS,0
2026-02-01,HEV,1568
2026-02-01,OTHER,0
2026-02-01,PETROL,4126
2026-02-01,PHEV,4948
2026-03-01,BEV,10926
2026-03-01,DIESEL,2039
2026-03-01,ETHANOL,142
2026-03-01,GAS,1
2026-03-01,HEV,2032
2026-03-01,OTHER,1
2026-03-01,PETROL,5893
2026-03-01,PHEV,6545
2026-04-01,BEV,9886
2026-04-01,DIESEL,2172
2026-04-01,ETHANOL,131
2026-04-01,GAS,1
2026-04-01,HEV,2257
2026-04-01,OTHER,6
2026-04-01,PETROL,4873
2026-04-01,PHEV,5843
2026-05-01,BEV,10770
2026-05-01,DIESEL,2057
2026-05-01,ETHANOL,77
2026-05-01,GAS,1
2026-05-01,HEV,2001
2026-05-01,OTHER,3
2026-05-01,PETROL,5418
2026-05-01,PHEV,6680
2026-06-01,BEV,13062
2026-06-01,DIESEL,2350
2026-06-01,ETHANOL,77
2026-06-01,GAS,1
2026-06-01,HEV,1837
2026-06-01,OTHER,5
2026-06-01,PETROL,6171
2026-06-01,PHEV,7580
2026-07-01,BEV,8004
2026-07-01,DIESEL,1742
2026-07-01,ETHANOL,55
2026-07-01,GAS,2
2026-07-01,HEV,1521
2026-07-01,OTHER,6
2026-07-01,PETROL,3868
2026-07-01,PHEV,4489
2026-08-01,BEV,10118
2026-08-01,DIESEL,1434
2026-08-01,ETHANOL,63
2026-08-01,GAS,2
2026-08-01,HEV,2132
2026-08-01,OTHER,3
2026-08-01,PETROL,4613
2026-08-01,PHEV,5037
